LGA_CODE_2016,M_Neg_Nil_income_15_19_yrs,M_Neg_Nil_income_20_24_yrs,M_Neg_Nil_income_25_34_yrs,M_Neg_Nil_income_35_44_yrs,M_Neg_Nil_income_45_54_yrs,M_Neg_Nil_income_55_64_yrs,M_Neg_Nil_income_65_74_yrs,M_Neg_Nil_income_75_84_yrs,M_Negtve_Nil_incme_85_yrs_ovr,M_Neg_Nil_income_Tot,M_1_149_15_19_yrs,M_1_149_20_24_yrs,M_1_149_25_34_yrs,M_1_149_35_44_yrs,M_1_149_45_54_yrs,M_1_149_55_64_yrs,M_1_149_65_74_yrs,M_1_149_75_84_yrs,M_1_149_85ov,M_1_149_Tot,M_150_299_15_19_yrs,M_150_299_20_24_yrs,M_150_299_25_34_yrs,M_150_299_35_44_yrs,M_150_299_45_54_yrs,M_150_299_55_64_yrs,M_150_299_65_74_yrs,M_150_299_75_84_yrs,M_150_299_85ov,M_150_299_Tot,M_300_399_15_19_yrs,M_300_399_20_24_yrs,M_300_399_25_34_yrs,M_300_399_35_44_yrs,M_300_399_45_54_yrs,M_300_399_55_64_yrs,M_300_399_65_74_yrs,M_300_399_75_84_yrs,M_300_399_85ov,M_300_399_Tot,M_400_499_15_19_yrs,M_400_499_20_24_yrs,M_400_499_25_34_yrs,M_400_499_35_44_yrs,M_400_499_45_54_yrs,M_400_499_55_64_yrs,M_400_499_65_74_yrs,M_400_499_75_84_yrs,M_400_499_85ov,M_400_499_Tot,M_500_649_15_19_yrs,M_500_649_20_24_yrs,M_500_649_25_34_yrs,M_500_649_35_44_yrs,M_500_649_45_54_yrs,M_500_649_55_64_yrs,M_500_649_65_74_yrs,M_500_649_75_84_yrs,M_500_649_85ov,M_500_649_Tot,M_650_799_15_19_yrs,M_650_799_20_24_yrs,M_650_799_25_34_yrs,M_650_799_35_44_yrs,M_650_799_45_54_yrs,M_650_799_55_64_yrs,M_650_799_65_74_yrs,M_650_799_75_84_yrs,M_650_799_85ov,M_650_799_Tot,M_800_999_15_19_yrs,M_800_999_20_24_yrs,M_800_999_25_34_yrs,M_800_999_35_44_yrs,M_800_999_45_54_yrs,M_800_999_55_64_yrs,M_800_999_65_74_yrs,M_800_999_75_84_yrs,M_800_999_85ov,M_800_999_Tot,M_1000_1249_15_19_yrs,M_1000_1249_20_24_yrs,M_1000_1249_25_34_yrs,M_1000_1249_35_44_yrs,M_1000_1249_45_54_yrs,M_1000_1249_55_64_yrs,M_1000_1249_65_74_yrs,M_1000_1249_75_84_yrs,M_1000_1249_85ov,M_1000_1249_Tot,M_1250_1499_15_19_yrs,M_1250_1499_20_24_yrs,M_1250_1499_25_34_yrs,M_1250_1499_35_44_yrs,M_1250_1499_45_54_yrs,M_1250_1499_55_64_yrs,M_1250_1499_65_74_yrs,M_1250_1499_75_84_yrs,M_1250_1499_85ov,M_1250_1499_Tot,M_1500_1749_15_19_yrs,M_1500_1749_20_24_yrs,M_1500_1749_25_34_yrs,M_1500_1749_35_44_yrs,M_1500_1749_45_54_yrs,M_1500_1749_55_64_yrs,M_1500_1749_65_74_yrs,M_1500_1749_75_84_yrs,M_1500_1749_85ov,M_1500_1749_Tot,M_1750_1999_15_19_yrs,M_1750_1999_20_24_yrs,M_1750_1999_25_34_yrs,M_1750_1999_35_44_yrs,M_1750_1999_45_54_yrs,M_1750_1999_55_64_yrs,M_1750_1999_65_74_yrs,M_1750_1999_75_84_yrs,M_1750_1999_85ov,M_1750_1999_Tot,M_2000_2999_15_19_yrs,M_2000_2999_20_24_yrs,M_2000_2999_25_34_yrs,M_2000_2999_35_44_yrs,M_2000_2999_45_54_yrs,M_2000_2999_55_64_yrs,M_2000_2999_65_74_yrs,M_2000_2999_75_84_yrs,M_2000_2999_85ov,M_2000_2999_Tot,M_3000_more_15_19_yrs,M_3000_more_20_24_yrs,M_3000_more_25_34_yrs,M_3000_more_35_44_yrs,M_3000_more_45_54_yrs,M_3000_more_55_64_yrs,M_3000_more_65_74_yrs,M_3000_more_75_84_yrs,M_3000_more_85ov,M_3000_more_Tot,M_PI_NS_15_19_yrs,M_PI_NS_ns_20_24_yrs,M_PI_NS_ns_25_34_yrs,M_PI_NS_ns_35_44_yrs,M_PI_NS_ns_45_54_yrs,M_PI_NS_ns_55_64_yrs,M_PI_NS_ns_65_74_yrs,M_PI_NS_ns_75_84_yrs,M_PI_NS_ns_85_yrs_ovr,M_PI_NS_ns_Tot,M_Tot_15_19_yrs,M_Tot_20_24_yrs,M_Tot_25_34_yrs,M_Tot_35_44_yrs,M_Tot_45_54_yrs,M_Tot_55_64_yrs,M_Tot_65_74_yrs,M_Tot_75_84_yrs,M_Tot_85ov,M_Tot_Tot,F_Neg_Nil_income_15_19_yrs,F_Neg_Nil_income_20_24_yrs,F_Neg_Nil_income_25_34_yrs,F_Neg_Nil_income_35_44_yrs,F_Neg_Nil_income_45_54_yrs,F_Neg_Nil_income_55_64_yrs,F_Neg_Nil_income_65_74_yrs,F_Neg_Nil_income_75_84_yrs,F_Neg_Nil_incme_85_yrs_ovr,F_Neg_Nil_income_Tot,F_1_149_15_19_yrs,F_1_149_20_24_yrs,F_1_149_25_34_yrs,F_1_149_35_44_yrs,F_1_149_45_54_yrs,F_1_149_55_64_yrs,F_1_149_65_74_yrs,F_1_149_75_84_yrs,F_1_149_85ov,F_1_149_Tot,F_150_299_15_19_yrs,F_150_299_20_24_yrs,F_150_299_25_34_yrs,F_150_299_35_44_yrs,F_150_299_45_54_yrs,F_150_299_55_64_yrs,F_150_299_65_74_yrs,F_150_299_75_84_yrs,F_150_299_85ov,F_150_299_Tot,F_300_399_15_19_yrs,F_300_399_20_24_yrs,F_300_399_25_34_yrs,F_300_399_35_44_yrs,F_300_399_45_54_yrs,F_300_399_55_64_yrs,F_300_399_65_74_yrs,F_300_399_75_84_yrs,F_300_399_85ov,F_300_399_Tot
LGA50080,468,51,37,43,56,97,62,24,3,851,221,34,23,11,36,62,44,17,11,460,98,73,83,62,75,143,155,101,20,811,79,60,73,66,100,172,403,291,102,1347,90,52,61,54,126,146,287,168,72,1053,65,108,107,70,124,165,215,121,31,1010,45,124,149,127,137,160,170,86,39,1038,17,146,247,212,222,243,132,25,17,1261,7,104,305,268,279,249,120,43,20,1383,3,33,167,198,227,183,66,18,11,906,0,23,155,200,221,169,55,12,3,839,0,11,76,165,183,135,32,7,0,617,0,6,118,194,239,200,45,16,3,809,3,0,37,90,118,85,32,10,3,387,147,131,305,254,212,235,204,151,107,1752,1252,954,1946,2026,2352,2449,2018,1086,439,14522,412,45,157,134,138,245,80,36,7,1250,296,36,105,94,83,113,58,22,11,813,98,80,180,157,174,248,194,102,25,1254,60,77,144,145,176,230,521,259,118,1733
LGA50210,1112,277,244,179,173,263,108,35,7,2400,433,131,67,38,46,76,68,22,8,891,220,277,293,211,167,225,234,90,27,1740,98,146,164,144,159,202,524,336,90,1861,100,149,166,153,146,166,359,199,72,1502,99,225,229,174,174,150,311,134,31,1538,57,329,393,269,228,188,232,100,15,1812,36,310,764,516,390,352,193,50,14,2615,15,272,1068,778,631,512,183,27,14,3494,3,140,806,646,481,343,78,14,6,2510,0,87,678,610,502,330,65,11,0,2276,0,36,465,446,367,216,51,3,3,1583,0,35,641,791,671,374,69,8,3,2585,3,17,210,367,310,166,34,11,0,1119,202,202,518,452,382,314,258,171,85,2581,2361,2628,6699,5770,4829,3872,2753,1225,372,30507,931,277,1023,752,501,647,195,41,16,4389,556,155,303,246,161,193,109,26,10,1765,313,305,447,348,343,380,276,136,28,2581,95,199,391,358,299,337,629,347,80,2747
LGA50250,75,8,12,18,14,5,0,0,0,138,17,4,4,3,9,0,0,0,0,38,5,8,16,9,9,5,3,5,0,62,0,3,4,3,7,6,0,3,3,34,0,3,5,7,0,6,6,0,0,35,0,8,10,11,5,3,0,0,0,34,4,7,17,5,4,9,5,0,0,52,0,9,37,16,18,8,3,0,0,98,8,12,46,57,42,35,10,0,0,219,0,25,70,57,60,41,8,0,0,256,5,17,85,77,88,37,10,0,0,316,0,24,150,127,110,69,14,0,0,493,3,81,685,627,462,247,23,0,0,2129,0,66,860,852,681,325,31,0,0,2811,20,71,545,517,412,209,24,3,0,1805,138,344,2543,2397,1922,1016,140,14,3,8527,49,24,137,72,22,31,10,0,0,350,12,7,24,20,3,8,3,0,0,78,11,6,40,38,22,13,5,3,0,135,0,6,28,16,15,17,5,3,3,88
LGA50280,122,11,16,26,26,47,24,10,3,283,93,10,5,11,9,7,4,9,3,142,29,19,34,32,34,59,48,28,3,281,16,9,28,41,40,72,94,62,15,384,32,20,29,30,45,67,82,29,21,348,18,16,56,57,53,72,74,39,8,397,8,45,72,82,76,71,67,23,7,444,0,21,125,106,108,91,53,16,10,527,0,19,113,157,146,106,46,12,4,605,0,14,67,103,79,52,23,7,3,344,0,7,63,103,80,48,17,8,3,327,0,0,35,73,60,39,10,3,0,224,0,3,66,139,104,46,21,0,0,379,0,0,24,83,65,42,22,3,0,235,64,15,85,125,102,97,53,34,12,583,374,211,805,1165,1005,928,645,271,90,5502,89,16,96,104,54,83,19,12,0,475,114,6,38,65,30,46,16,10,4,327,24,22,73,99,66,76,64,23,8,455,14,19,72,95,68,106,104,62,15,551
LGA50350,214,53,36,37,38,51,28,25,3,485,92,37,15,5,9,25,15,6,0,204,32,51,56,39,39,54,45,31,11,353,11,38,41,32,30,43,97,90,26,404,15,26,31,22,45,38,78,65,19,351,10,23,54,20,38,43,59,32,8,295,10,41,68,42,57,41,43,27,0,321,8,48,106,87,80,65,36,13,3,450,0,43,142,136,110,98,42,9,3,587,0,21,98,113,106,70,27,9,0,442,0,9,119,118,134,58,14,3,0,457,0,5,96,109,79,68,7,3,0,361,0,3,119,194,134,93,23,0,0,558,0,0,32,85,92,40,8,3,0,265,27,31,76,76,71,71,56,36,18,452,418,427,1096,1106,1059,857,593,344,97,5986,163,26,103,112,78,85,47,23,0,632,96,17,37,46,30,44,21,12,3,311,47,52,70,63,52,89,66,37,12,487,22,37,60,67,58,72,150,104,25,586
LGA50420,791,267,277,172,157,214,143,45,12,2071,319,144,63,39,50,62,67,22,13,778,144,238,212,125,159,210,218,122,44,1470,64,178,194,119,143,211,427,402,124,1864,50,171,205,134,126,170,359,244,80,1540,51,216,279,173,180,188,282,132,43,1543,25,217,405,237,219,224,221,114,23,1677,18,216,606,382,349,287,189,51,20,2112,6,204,774,545,470,370,148,33,9,2561,3,81,702,467,366,298,99,11,0,2032,3,52,555,501,383,289,76,5,3,1866,0,28,355,400,311,228,46,8,0,1368,0,23,640,782,606,342,66,7,0,2458,0,10,240,432,345,181,44,7,5,1269,112,170,455,370,303,283,250,212,154,2302,1592,2208,5962,4870,4163,3555,2620,1416,539,26919,639,226,684,540,332,443,176,76,29,3149,390,129,171,187,110,173,91,26,13,1289,190,230,335,277,224,309,303,144,49,2065,59,189,253,239,211,299,562,412,137,2361
LGA50490,385,216,197,112,100,118,62,26,10,1227,171,79,31,29,19,61,32,16,3,442,85,134,141,122,121,105,94,80,19,901,45,124,148,78,74,132,226,200,62,1089,30,133,153,74,82,109,216,139,60,997,28,155,214,111,79,78,114,66,22,873,22,179,308,133,105,122,105,33,25,1043,18,187,530,282,216,192,77,27,7,1542,5,144,588,350,283,190,58,21,6,1646,0,77,433,285,198,148,37,8,0,1189,3,31,342,302,224,129,33,5,0,1067,0,26,270,182,149,91,25,5,0,749,0,31,414,404,302,173,31,3,0,1365,3,10,120,235,167,78,16,0,3,639,136,220,571,347,277,233,158,138,65,2152,929,1746,4462,3045,2399,1966,1302,775,291,16908,334,193,510,371,178,235,105,18,10,1957,179,74,115,104,61,71,50,26,0,671,82,158,189,179,125,182,140,91,26,1173,35,123,193,109,136,183,302,245,76,1399
LGA50560,3,7,0,0,3,9,6,0,0,27,6,0,0,0,0,8,3,0,0,18,3,3,3,3,6,9,16,9,0,60,5,0,0,3,8,18,37,21,0,97,0,3,3,3,7,9,22,20,3,65,0,0,0,5,15,21,6,7,3,51,0,7,10,3,9,3,20,4,3,54,0,0,17,6,8,16,6,4,0,56,0,3,13,7,14,27,9,3,0,75,0,0,3,6,7,14,7,0,3,37,0,0,3,0,5,10,7,0,0,26,0,0,0,12,7,3,0,0,0,26,0,0,3,7,8,14,0,0,0,33,0,0,0,8,5,0,0,0,0,17,3,4,11,13,15,27,16,15,0,105,28,28,67,78,126,174,150,81,19,750,14,4,4,9,14,21,8,3,0,77,0,0,3,0,4,6,6,3,0,31,3,0,3,5,11,18,14,3,0,64,0,3,7,9,12,21,40,17,4,113
LGA50630,16,0,4,0,9,14,8,0,0,61,0,0,0,0,0,0,3,0,0,12,3,3,5,5,0,7,3,6,0,30,0,0,0,3,4,7,16,11,0,36,0,0,0,4,4,6,15,3,0,34,0,3,0,3,3,0,13,0,0,27,4,7,0,3,0,8,12,4,0,35,0,3,9,3,7,9,3,0,0,27,0,4,6,5,5,7,3,0,0,30,0,3,15,9,6,4,0,0,0,35,0,0,17,10,17,10,3,0,0,57,0,5,10,23,13,13,0,0,0,69,0,6,31,42,51,29,0,0,0,167,0,0,14,20,17,10,3,0,0,62,5,3,17,14,17,16,10,5,0,88,37,39,128,145,150,134,83,41,3,767,17,0,18,27,16,23,8,0,0,107,6,0,3,11,9,4,0,0,0,37,4,4,9,4,6,14,7,3,0,50,0,0,6,3,10,12,8,6,0,54
LGA50770,17,0,0,4,5,12,3,3,0,50,3,0,0,0,5,0,3,0,0,14,0,0,0,3,11,15,3,3,0,35,0,0,0,3,5,9,21,13,0,53,0,0,0,3,3,9,20,10,3,49,0,3,8,7,7,10,16,10,0,55,0,3,0,10,10,14,8,10,0,55,0,3,4,13,9,13,9,3,0,54,0,0,6,21,27,19,10,3,3,87,0,4,6,10,10,10,6,0,0,51,0,0,0,7,13,3,3,0,0,37,0,0,3,6,0,3,0,0,0,19,0,0,3,7,10,9,5,3,0,39,0,0,7,6,6,0,7,0,0,20,7,0,0,5,17,22,11,9,0,74,33,19,52,110,134,155,120,67,16,697,12,4,4,9,7,14,6,0,0,70,0,0,8,0,12,3,5,0,0,32,4,4,14,12,12,22,10,7,0,84,0,0,3,6,11,15,21,6,0,71
LGA50840,56,4,0,9,6,27,11,4,0,111,15,9,3,3,5,16,11,7,0,60,6,3,7,12,24,29,38,15,3,131,12,3,6,12,11,29,92,48,6,221,14,3,3,4,15,22,49,31,7,152,3,0,7,4,9,24,41,14,4,118,5,8,14,15,23,34,30,11,4,144,4,6,10,19,30,26,22,7,0,128,0,8,19,20,26,29,20,8,0,133,0,3,10,21,21,25,10,0,0,90,0,4,5,21,22,22,12,0,0,90,3,0,16,23,23,13,3,3,0,88,0,0,26,36,61,30,8,3,0,167,0,0,3,12,18,14,5,0,0,44,22,7,17,19,29,32,34,18,7,191,138,56,151,224,330,390,384,161,31,1867,42,9,17,23,27,55,12,0,0,194,30,7,6,18,21,28,11,4,0,125,10,6,20,28,23,55,40,13,0,201,7,3,20,34,27,45,87,33,8,270
LGA50910,7,0,0,0,0,3,3,0,0,17,3,0,0,0,0,0,0,0,3,15,3,3,7,6,5,7,0,3,0,30,0,3,3,0,3,3,14,9,0,35,0,0,0,3,3,3,10,0,0,20,0,3,3,5,3,0,6,0,0,23,4,0,0,5,3,0,8,0,0,27,4,0,6,3,6,3,6,7,0,39,0,3,8,3,9,5,8,0,0,41,0,0,6,3,5,6,3,0,0,23,0,0,0,3,6,3,0,3,0,21,0,0,0,4,9,7,0,0,0,18,0,0,3,5,6,3,3,0,0,20,0,0,0,0,3,0,0,0,3,11,0,3,9,5,13,7,16,3,5,68,15,21,47,47,80,64,78,33,20,406,8,0,3,3,8,0,7,0,0,32,3,0,0,3,0,4,0,0,0,16,4,0,6,3,5,10,3,3,0,35,0,3,0,10,0,5,13,12,0,36
LGA50980,182,37,41,28,35,39,31,5,0,393,80,7,12,18,8,9,9,4,0,147,40,56,102,66,62,74,32,17,0,447,21,17,27,40,40,44,61,26,0,277,14,26,29,32,35,48,43,12,3,256,18,28,45,38,26,53,34,6,0,255,12,49,62,48,41,44,20,10,0,295,7,43,119,79,75,66,28,9,0,419,7,45,162,134,108,82,24,8,3,573,0,14,123,107,105,74,9,0,0,439,0,7,115,112,99,68,16,0,0,416,0,4,87,104,84,49,3,4,0,346,0,6,136,172,163,114,15,3,0,613,0,0,38,74,71,37,23,5,0,244,101,70,232,210,149,143,82,23,10,1030,481,422,1344,1250,1114,948,441,131,24,6154,142,30,66,60,42,45,25,3,3,412,51,10,33,33,12,10,7,4,0,164,42,56,85,78,69,68,31,13,3,445,18,25,66,74,62,68,57,25,3,391
LGA51080,9,0,3,0,0,4,0,0,0,18,6,0,0,0,0,3,0,0,0,7,6,7,4,4,0,4,0,3,0,29,0,3,0,6,0,6,9,9,0,35,0,3,4,3,3,6,4,6,0,36,0,0,0,4,3,7,5,4,0,27,0,0,11,11,9,11,4,0,0,45,0,8,6,12,13,9,3,0,0,47,0,3,4,3,14,10,0,0,0,29,0,0,6,6,8,10,0,0,0,28,0,0,4,3,8,4,0,0,0,22,0,0,3,0,3,4,0,0,0,9,0,0,3,4,7,5,3,0,0,20,0,0,0,3,7,7,0,0,0,16,7,4,10,6,4,21,6,10,0,75,34,28,67,64,79,93,46,37,7,448,9,0,9,3,3,4,3,0,0,22,0,3,0,3,0,5,0,0,0,11,0,0,6,7,10,7,0,5,0,34,0,0,9,6,10,4,17,9,3,52
LGA51120,4,0,0,3,0,3,3,0,0,15,3,0,0,0,0,0,0,0,0,7,0,0,0,5,7,5,0,0,0,21,0,0,0,3,0,10,9,3,0,30,0,0,4,4,3,12,10,4,4,36,4,0,0,4,4,0,7,7,0,21,4,0,0,3,3,7,5,4,0,28,0,0,9,3,6,4,11,0,0,33,0,0,3,9,5,4,3,3,3,33,0,0,3,3,3,7,3,3,0,24,0,0,3,4,3,7,0,0,0,23,0,0,3,6,9,6,0,0,0,20,0,0,3,6,10,12,0,0,0,24,0,0,0,5,4,6,3,0,0,21,3,0,3,0,6,4,7,3,0,36,20,9,48,53,60,90,68,32,12,387,5,0,3,0,4,13,7,0,0,30,3,0,3,6,0,3,0,0,0,15,0,3,4,11,4,7,6,0,3,38,0,0,4,3,3,4,15,9,0,38
LGA51190,368,74,74,49,57,83,47,17,20,785,193,28,16,15,24,37,33,6,5,364,73,78,105,77,75,125,122,65,17,742,33,45,69,65,80,114,293,254,75,1022,36,68,61,57,87,110,212,133,54,815,53,93,84,83,79,100,169,73,31,760,24,139,152,98,95,103,115,57,29,804,13,133,240,180,154,178,103,33,12,1051,3,70,268,230,208,182,97,20,10,1091,5,38,180,179,186,143,63,10,4,797,0,20,146,179,174,160,41,3,0,731,0,15,125,136,192,163,20,8,7,661,0,14,194,272,287,212,42,4,0,1019,3,5,85,142,161,133,36,6,0,579,116,112,296,262,283,201,179,93,48,1589,923,935,2102,2017,2129,2051,1571,782,302,12820,294,50,190,182,157,231,74,26,31,1233,207,33,69,100,68,78,46,13,8,624,99,85,169,154,156,207,149,78,18,1118,40,79,140,170,167,212,403,259,114,1582
LGA51260,422,46,32,39,53,102,62,19,12,793,252,23,16,16,17,43,35,8,5,414,74,43,68,63,64,127,141,71,18,671,53,48,45,57,72,115,401,218,66,1067,68,38,64,53,75,132,253,159,49,904,75,90,94,80,106,153,219,124,41,978,23,125,128,106,138,182,213,84,20,1015,13,92,239,214,226,220,164,53,10,1230,8,70,257,315,289,244,135,37,10,1348,0,32,173,243,223,159,84,27,9,950,0,21,160,244,241,149,49,26,11,896,0,10,98,196,184,102,32,6,3,637,0,18,178,353,301,197,51,8,3,1113,0,4,75,169,205,121,56,16,3,642,113,62,174,200,222,197,210,127,83,1394,1099,720,1806,2337,2421,2240,2100,993,339,14056,349,45,218,221,170,285,103,20,14,1422,290,33,94,133,74,89,52,16,8,788,88,86,138,190,146,236,222,68,25,1196,43,52,147,186,181,252,480,223,70,1635
LGA51310,441,79,54,35,44,52,31,17,3,757,237,98,26,10,14,16,20,13,4,442,70,115,43,15,17,39,48,30,20,395,10,69,54,17,19,35,48,65,36,356,21,73,42,22,23,35,64,61,45,380,18,64,44,35,26,44,77,68,21,391,8,37,58,27,32,46,65,49,26,349,0,56,123,49,59,78,86,52,19,524,4,62,163,76,87,87,86,35,24,628,0,31,144,65,74,86,54,32,21,513,0,16,141,128,108,112,51,21,11,584,0,5,92,93,113,103,41,15,7,467,0,10,161,318,347,267,85,29,12,1237,0,7,139,704,869,490,112,37,14,2385,33,57,136,110,120,86,77,62,30,713,848,791,1410,1702,1965,1569,949,588,295,10117,378,64,132,261,178,134,62,42,8,1265,266,103,33,68,69,55,39,21,17,664,93,120,48,78,65,74,67,58,32,636,24,60,48,65,69,67,90,105,59,593
LGA51330,1802,1004,636,259,263,324,209,68,14,4571,577,348,111,56,59,102,106,36,11,1417,302,554,403,193,183,228,288,161,43,2353,118,433,348,165,158,209,538,376,138,2478,105,346,378,184,166,170,390,258,105,2103,94,352,458,235,211,219,320,141,49,2082,55,341,590,353,267,257,264,129,34,2286,25,328,872,487,414,351,246,82,25,2831,10,260,1083,679,588,499,237,50,21,3421,3,139,716,561,478,359,144,14,12,2421,0,58,512,573,469,416,107,13,7,2157,0,35,355,509,440,302,71,5,4,1725,0,23,573,918,871,575,119,24,0,3091,0,11,169,527,648,326,65,12,8,1771,192,287,563,385,348,250,216,138,75,2453,3291,4505,7759,6091,5557,4596,3319,1490,538,37153,1460,797,1234,1016,716,772,286,98,27,6413,684,365,252,298,198,247,138,50,10,2249,361,508,446,403,337,452,372,170,61,3121,109,350,396,285,296,333,672,425,162,3028
LGA51400,327,24,21,23,25,53,25,8,0,508,155,17,10,13,4,14,14,3,0,233,38,22,35,18,32,42,68,14,3,276,39,18,18,19,28,33,144,57,11,360,35,22,16,22,23,35,108,30,6,291,30,34,25,26,26,51,71,22,7,285,16,54,48,31,48,58,55,14,0,328,11,56,80,69,100,82,38,14,4,454,3,47,125,116,119,90,36,10,4,557,0,21,105,122,119,77,12,6,0,463,3,21,87,138,139,88,8,0,4,489,0,16,70,128,116,79,9,3,0,418,0,7,108,241,254,119,9,0,0,745,0,0,41,117,142,55,14,0,0,365,56,34,71,88,100,67,60,30,11,520,714,406,861,1171,1265,951,671,204,45,6285,310,34,136,141,118,112,38,6,4,901,180,28,23,56,51,45,14,11,4,417,54,33,79,76,51,84,59,30,3,478,27,42,65,70,89,90,167,52,13,614
LGA51470,6,0,0,0,4,3,3,0,0,19,0,0,0,0,0,0,0,0,0,3,0,0,4,0,0,5,4,0,0,12,0,0,0,0,3,3,8,0,0,17,0,0,0,0,0,0,10,6,0,21,0,3,0,0,0,4,0,0,0,11,0,4,3,0,0,3,0,4,0,19,0,5,6,0,4,7,0,0,0,23,0,0,3,4,0,3,3,0,0,18,0,0,5,3,7,4,0,0,0,22,0,0,4,8,6,3,3,0,0,19,0,0,0,3,4,3,0,0,0,13,0,0,0,0,4,3,0,0,0,12,0,0,0,0,0,3,0,0,0,3,0,5,6,0,4,12,0,0,0,29,9,19,33,34,40,56,36,12,0,240,0,0,6,3,8,5,3,0,0,17,0,0,3,3,0,3,0,0,0,9,0,0,4,4,6,3,0,0,0,19,0,0,0,0,3,3,5,0,3,15
LGA51540,35,8,24,12,19,32,26,0,0,163,26,7,0,4,3,12,4,8,0,57,12,9,16,25,31,20,7,11,0,130,4,8,10,13,18,32,41,24,4,152,5,0,12,10,10,26,39,25,3,134,7,18,24,17,20,27,24,13,4,148,10,18,33,31,25,27,22,10,3,172,6,15,40,35,45,41,13,0,0,195,0,21,44,31,31,35,12,3,0,179,3,7,20,19,34,18,13,0,0,115,0,0,18,16,29,23,3,0,0,83,0,0,15,13,28,11,8,0,0,70,0,0,30,38,44,29,5,0,0,145,0,0,9,9,23,16,3,0,0,73,32,27,64,78,88,78,41,35,11,455,134,138,362,352,440,436,264,121,32,2278,37,9,19,17,24,26,10,3,0,154,23,0,12,8,3,9,4,0,3,65,7,17,26,35,27,20,14,8,0,160,6,8,22,15,18,19,52,22,3,160
LGA51610,9,0,6,0,4,5,3,0,0,25,6,0,0,0,0,0,0,0,0,14,0,4,0,3,4,3,7,3,0,26,3,0,0,3,0,8,12,4,0,35,4,0,0,3,0,4,5,9,3,38,5,0,0,4,3,3,8,4,0,25,0,3,0,3,6,12,5,3,0,34,0,3,5,3,7,7,3,0,0,38,0,3,8,8,7,16,3,0,0,54,0,0,6,8,11,4,3,0,0,41,0,0,3,7,12,8,0,0,0,32,0,5,3,12,11,3,4,0,0,36,0,0,7,10,16,6,3,0,0,41,0,0,4,7,13,5,5,4,0,38,9,0,10,22,17,11,7,5,0,78,34,22,54,97,124,105,78,35,10,559,13,0,8,10,11,9,7,0,0,66,12,0,3,4,5,5,4,0,0,36,0,0,9,12,9,0,9,3,0,39,3,0,4,3,9,7,10,4,0,43
LGA51680,113,13,13,13,11,28,12,3,0,207,30,6,0,3,9,9,14,5,0,75,13,3,3,11,7,18,20,20,0,92,10,5,3,8,12,24,70,32,3,158,9,5,6,12,12,20,41,21,3,126,8,11,8,11,15,15,29,11,4,113,10,18,13,14,11,25,26,7,0,118,3,15,17,33,40,31,14,8,0,164,0,10,22,43,51,42,17,3,0,192,3,3,19,40,45,41,12,4,0,165,0,3,22,39,48,24,8,0,0,143,0,3,9,36,40,21,4,0,0,118,0,3,26,53,73,39,4,0,0,202,0,0,11,41,42,23,3,0,0,129,29,4,30,32,62,54,18,15,3,245,232,105,214,372,476,419,287,133,12,2239,92,13,36,45,67,62,15,3,0,339,27,10,13,24,13,20,6,4,4,119,20,8,23,27,19,28,30,14,4,169,8,7,17,24,26,39,75,32,3,221
LGA51750,304,48,21,9,20,15,16,0,3,446,93,33,8,0,7,14,7,4,3,166,27,55,21,11,7,5,13,12,4,155,13,27,18,7,8,11,17,22,11,141,3,28,19,8,11,17,23,19,12,148,0,28,34,5,16,13,28,26,9,162,3,20,21,5,9,15,32,39,12,162,0,29,45,14,17,23,37,20,12,204,0,23,57,29,22,37,32,35,15,248,0,22,44,19,22,36,31,16,14,204,0,9,60,21,29,29,20,9,5,188,0,3,45,25,32,29,26,12,3,177,0,3,76,86,69,58,56,32,10,383,3,4,43,203,275,178,87,30,10,838,27,25,62,57,57,64,47,39,6,387,485,357,563,503,586,551,489,318,139,3998,180,36,52,73,76,50,28,13,7,519,82,35,13,17,24,23,22,12,13,230,19,45,12,18,22,32,28,22,5,216,10,29,20,26,19,25,36,39,29,238
LGA51820,1514,410,308,238,215,294,188,86,23,3271,610,227,79,63,60,97,107,33,10,1283,275,301,298,181,198,255,293,185,34,2021,132,219,167,132,175,277,637,533,119,2386,126,223,160,140,163,219,438,243,93,1813,125,326,302,230,195,237,336,179,35,1971,102,361,423,266,269,264,209,94,20,2015,46,343,797,584,522,431,204,52,19,3006,21,319,1110,951,807,560,201,29,7,4013,11,191,957,814,706,429,138,14,4,3263,0,63,838,860,703,448,86,8,3,3006,0,58,614,775,594,344,58,9,0,2462,0,70,1063,1550,1203,623,101,8,0,4630,5,25,360,817,693,370,85,13,0,2376,283,246,703,600,563,382,302,263,118,3460,3260,3377,8180,8213,7078,5237,3391,1755,491,40968,1311,316,982,1030,691,723,268,80,42,5436,845,210,296,328,211,245,131,28,13,2298,353,435,433,518,384,480,377,182,61,3215,133,283,405,420,412,498,814,530,137,3635
LGA51890,125,29,19,15,16,36,15,0,0,257,49,10,8,6,8,15,10,0,0,101,20,31,35,36,37,56,49,18,9,278,11,13,15,21,33,56,112,66,15,341,8,12,7,16,11,34,74,46,8,221,13,21,14,4,14,46,51,14,3,181,3,23,21,13,22,34,51,9,3,180,7,21,28,18,30,39,29,3,4,171,9,27,31,32,33,49,27,3,4,214,4,18,37,30,26,34,15,3,0,161,0,13,34,36,32,24,8,0,0,151,0,7,42,25,44,30,0,0,0,160,0,34,106,119,183,121,3,0,0,566,3,8,29,39,67,55,6,0,0,195,41,30,54,48,51,56,61,38,17,392,289,286,482,471,601,687,511,197,64,3575,99,13,56,54,75,110,23,3,0,436,68,11,32,39,26,32,7,0,0,213,24,29,48,46,52,92,52,17,7,368,6,15,47,50,70,81,116,58,11,465
LGA51960,65,9,3,9,3,15,9,4,0,117,8,6,3,3,3,0,6,0,0,25,5,12,18,3,11,21,13,3,0,82,0,3,3,6,6,10,27,6,0,71,3,4,0,3,10,6,21,11,0,69,5,0,7,3,13,6,8,0,0,40,3,4,7,3,8,0,11,0,0,39,3,6,11,7,7,12,4,3,0,56,0,5,17,12,10,22,4,3,0,68,0,7,11,16,15,8,3,0,0,64,0,8,33,23,22,15,0,0,0,106,0,3,31,22,34,17,3,0,0,118,0,15,98,80,88,52,3,0,0,328,0,0,15,27,24,11,3,0,0,77,25,14,67,32,51,30,24,6,0,256,118,103,319,247,319,230,139,43,7,1517,53,17,60,34,29,35,5,0,0,232,14,0,19,11,0,9,0,0,0,61,6,10,22,19,15,23,10,0,0,98,4,8,25,18,17,23,17,7,0,107
LGA52030,8,3,0,0,3,6,9,0,0,29,0,0,0,0,3,3,3,0,0,9,0,0,3,3,8,7,3,3,0,33,0,0,0,3,3,12,18,16,0,59,0,0,0,0,3,8,23,9,3,44,3,0,6,0,3,4,16,3,0,40,0,0,3,3,0,4,6,0,0,20,0,3,6,3,8,14,9,3,0,44,0,0,13,11,13,13,3,0,0,54,0,0,8,0,7,3,5,0,0,25,0,0,8,11,9,7,8,0,0,32,0,0,0,3,4,6,0,0,0,20,0,0,0,9,7,10,5,0,0,34,0,0,0,0,5,5,3,0,0,17,5,0,12,5,4,10,4,3,0,40,20,10,61,55,86,122,107,35,7,497,9,0,3,7,11,15,3,0,0,47,0,0,4,0,5,5,0,0,0,18,0,5,3,4,7,7,6,3,0,34,0,0,3,4,3,19,27,7,0,69
LGA52100,7,3,0,0,0,3,6,3,0,20,5,3,0,0,0,0,0,4,0,12,0,0,0,3,0,3,3,3,0,16,0,0,0,3,3,7,10,9,3,36,0,0,3,0,0,4,9,6,3,27,0,0,3,0,3,4,7,7,0,30,0,3,3,7,6,12,9,0,0,37,0,10,9,4,8,8,7,3,3,45,3,3,8,11,10,8,5,0,0,54,0,0,4,11,5,15,0,0,0,40,0,3,8,8,6,5,0,0,0,30,0,0,3,4,7,5,3,0,0,27,0,0,8,8,7,7,0,0,0,23,0,0,0,0,3,3,3,0,0,13,6,7,7,13,4,13,3,9,5,64,32,31,64,62,75,94,70,42,14,481,4,0,0,6,6,3,6,0,3,29,5,0,7,3,0,4,0,0,0,21,3,0,0,10,0,9,8,0,0,35,0,0,0,5,8,9,8,11,4,48
LGA52170,121,19,9,7,24,17,13,3,0,220,58,31,7,0,3,7,9,0,0,118,17,45,16,7,4,12,8,6,3,117,7,14,13,3,0,16,28,21,3,100,0,15,12,4,4,4,21,19,3,84,3,17,12,3,5,14,28,27,11,119,0,13,18,12,5,3,20,9,11,94,0,15,31,11,12,15,15,5,4,111,0,11,32,7,15,25,36,16,5,149,0,10,28,13,21,19,25,11,7,130,0,3,52,17,28,38,29,16,0,184,0,0,37,29,24,26,22,5,0,142,0,7,90,69,76,54,43,15,3,360,0,0,54,192,263,232,89,22,3,864,20,17,49,26,51,47,29,13,3,258,230,207,450,412,541,539,416,174,64,3045,113,17,27,52,55,35,26,12,4,338,76,12,8,20,9,13,6,4,5,153,13,37,19,19,25,23,22,6,6,165,3,21,19,14,25,22,39,14,13,164
LGA52240,3,0,0,3,0,6,3,3,0,20,0,0,0,0,0,3,0,0,0,9,0,0,3,4,4,4,3,7,0,32,0,0,0,3,6,8,16,10,0,46,0,0,3,0,3,10,13,6,4,36,0,0,3,5,9,10,5,3,4,33,0,4,12,7,7,4,12,3,0,47,0,3,4,10,12,15,3,0,0,43,0,0,8,14,13,12,0,0,0,48,0,3,9,10,0,7,3,0,0,32,0,0,3,3,8,6,3,0,0,24,0,0,0,0,0,0,0,0,0,10,0,0,0,3,3,7,3,0,0,16,0,0,0,3,3,3,0,0,0,14,7,3,10,10,12,8,8,4,5,64,14,14,58,77,71,100,77,34,10,461,6,0,5,4,3,5,3,0,0,35,3,0,0,4,5,0,0,0,0,15,3,3,9,11,0,13,9,0,0,45,3,0,4,4,3,14,16,4,0,54
LGA52310,6,0,3,0,3,9,6,0,0,27,0,0,0,0,3,3,0,0,0,3,0,0,0,0,3,6,4,3,0,17,6,0,0,3,8,10,15,10,0,50,0,0,0,3,0,8,14,5,0,31,0,0,0,0,0,5,11,0,0,22,3,0,3,3,4,3,3,3,0,25,0,0,0,5,5,3,5,3,0,30,0,0,8,5,6,11,9,0,0,43,0,0,9,4,4,3,0,0,0,18,0,0,5,4,5,8,0,0,0,20,0,0,0,4,0,4,0,0,0,16,0,0,5,3,10,3,0,0,0,26,0,0,3,0,0,4,0,0,0,13,3,4,13,8,4,10,11,3,0,62,17,13,52,48,61,81,84,22,8,389,4,0,3,3,6,8,0,0,0,27,0,0,5,3,4,4,0,0,0,17,0,0,3,0,3,7,3,3,0,27,0,0,0,10,3,11,12,5,0,44
LGA52380,0,0,0,0,0,0,0,0,0,3,0,0,0,0,0,0,0,0,0,3,0,0,0,0,0,4,0,0,0,8,0,0,0,0,0,3,3,0,0,11,0,0,0,0,0,3,4,0,0,9,0,0,0,0,0,0,0,0,0,3,0,0,0,0,0,0,0,0,0,3,0,0,0,0,0,0,0,0,0,0,0,0,3,0,0,4,0,0,0,6,0,0,0,0,3,0,0,0,0,3,0,0,0,0,3,0,0,0,0,3,0,0,0,0,0,0,0,0,0,0,0,0,3,0,0,0,0,0,0,5,0,0,0,3,0,0,0,0,0,5,0,4,7,9,3,3,11,0,0,30,4,5,15,12,14,25,28,3,0,97,0,0,0,0,0,5,0,0,0,9,0,0,0,0,0,0,0,0,0,0,0,0,0,0,0,0,0,0,0,3,0,0,0,0,0,0,0,0,0,7
LGA52450,85,0,0,0,3,6,3,0,0,93,12,0,0,0,0,0,0,0,0,20,3,3,3,3,5,7,5,0,0,30,4,0,0,0,5,9,10,9,0,42,0,0,0,6,3,10,13,5,0,37,0,3,4,3,5,11,9,6,0,38,0,3,5,0,8,4,5,3,0,36,0,10,7,16,11,6,11,3,0,61,0,4,17,16,18,10,4,0,0,74,0,3,16,4,5,5,0,3,0,47,0,5,7,13,3,5,3,0,0,42,0,0,7,3,9,6,4,0,0,26,0,0,6,6,7,6,0,0,0,32,0,0,0,3,5,6,0,0,0,15,14,3,12,10,4,12,14,6,5,78,133,40,85,96,87,107,80,34,11,667,28,3,7,9,6,5,3,0,0,70,3,4,5,3,3,4,0,0,0,27,4,0,9,6,9,7,3,6,0,46,0,3,3,6,5,0,16,10,0,43
LGA52520,12,3,0,3,5,11,4,0,0,28,6,0,0,0,0,5,0,0,0,12,3,0,0,3,3,5,11,3,0,29,3,4,4,7,0,7,3,5,5,37,3,0,0,0,4,3,9,3,0,25,3,4,8,0,5,9,3,0,0,34,0,5,4,9,8,13,0,3,0,48,0,5,6,9,14,11,4,3,0,53,0,8,18,27,8,9,11,0,0,85,0,3,13,17,9,7,6,0,0,56,0,4,19,17,9,14,0,0,0,62,0,0,12,5,3,5,0,0,0,30,0,3,10,6,6,7,3,0,0,32,0,0,0,4,0,8,0,0,0,19,5,3,15,17,7,11,3,3,3,69,29,46,116,118,94,124,58,32,8,619,10,4,13,9,3,16,4,0,3,62,0,0,8,0,3,3,3,0,0,18,3,3,5,8,11,5,9,0,0,49,0,0,6,7,5,3,3,11,0,36
LGA52590,20,6,3,3,5,30,10,5,0,87,15,0,0,0,7,8,10,3,0,49,5,0,12,3,12,13,27,12,0,79,3,3,4,4,5,18,43,19,6,109,0,3,11,4,10,19,28,18,3,91,5,7,8,3,9,19,31,13,3,105,0,4,6,9,11,23,23,4,4,91,0,13,13,17,21,20,19,8,0,107,4,8,23,23,30,36,14,3,0,139,0,3,14,23,21,17,11,5,0,97,0,7,9,19,18,15,3,3,0,75,0,3,11,10,12,13,5,3,0,60,0,6,23,42,40,26,3,0,0,128,0,0,16,16,24,13,3,0,0,61,4,3,22,21,22,36,23,21,0,161,64,62,191,189,241,293,258,119,20,1434,22,0,16,19,17,28,11,4,0,118,11,0,13,11,5,15,12,0,0,70,4,3,8,20,12,26,18,3,0,98,3,3,12,12,16,21,44,19,6,143
LGA52660,199,24,34,17,33,41,28,6,0,373,90,8,11,10,5,7,16,3,0,142,35,24,21,7,20,29,38,25,12,215,16,15,27,9,19,49,123,86,24,377,16,17,21,17,27,35,79,61,7,292,24,45,25,20,20,31,74,33,5,272,15,53,47,37,29,27,56,21,6,296,9,71,98,56,72,59,37,6,3,406,4,50,123,97,98,91,30,6,5,503,0,25,95,104,91,80,15,3,0,411,0,15,97,91,103,68,13,7,0,397,0,16,79,95,88,65,9,0,0,349,0,13,133,175,174,102,11,0,0,612,0,7,35,68,80,41,7,4,0,238,52,29,56,78,70,75,69,61,46,526,471,397,890,889,937,796,610,314,113,5419,150,31,128,104,104,127,34,12,0,691,134,21,52,35,29,46,12,6,0,328,42,31,67,82,58,79,50,31,10,456,19,25,63,67,44,81,143,93,11,553
LGA52730,76,0,3,14,13,24,13,5,0,149,47,3,3,3,5,6,13,4,0,96,8,3,13,11,15,41,31,16,0,139,14,7,4,8,25,41,79,52,10,236,11,7,4,14,23,45,69,40,5,214,9,10,21,14,30,35,46,21,11,193,0,6,11,26,24,37,35,17,0,171,0,19,13,26,49,45,39,12,4,203,3,12,19,25,37,55,30,7,3,189,0,0,18,21,39,16,19,5,0,131,0,0,10,30,18,20,14,4,0,114,0,0,6,14,32,19,9,0,0,76,0,0,7,29,33,35,8,3,0,107,0,0,3,13,17,24,11,3,3,71,27,5,18,29,50,60,45,30,9,274,208,69,165,281,415,500,459,214,47,2368,75,0,26,18,24,45,18,3,0,206,52,0,14,19,20,21,21,3,0,148,14,4,19,27,27,50,36,14,4,201,7,9,20,29,37,55,114,43,10,317
LGA52800,77,15,5,19,18,11,5,3,0,153,36,12,10,11,16,6,9,0,0,103,40,78,153,98,79,55,26,8,0,543,9,21,56,57,66,40,42,15,4,314,3,4,27,9,16,24,16,13,3,120,7,14,30,22,18,17,8,0,0,128,10,22,31,12,9,29,3,0,0,118,9,24,53,26,31,22,8,0,0,168,4,13,63,41,36,39,18,0,0,209,0,7,36,23,20,21,8,0,0,112,0,6,34,17,27,27,7,0,0,121,0,4,10,22,20,13,4,0,0,79,0,0,23,36,35,25,4,0,0,122,0,0,6,13,5,8,4,0,0,42,83,74,145,103,79,52,32,9,3,564,278,289,672,522,470,401,194,46,14,2891,59,16,19,5,13,6,7,0,0,122,25,17,20,20,17,5,3,0,0,107,40,55,135,103,92,64,22,13,4,521,15,45,83,74,66,55,30,19,8,396
LGA52870,73,5,5,9,19,27,19,6,0,169,26,4,4,7,8,8,15,0,0,70,8,11,12,13,12,34,38,17,7,159,7,6,9,13,8,32,74,41,12,199,6,5,7,6,23,27,67,26,8,171,13,5,19,10,14,31,43,20,3,162,9,11,25,24,18,41,25,10,0,150,3,10,26,27,33,44,27,3,0,170,0,11,26,41,34,51,23,6,0,188,0,6,20,29,45,37,14,0,0,147,0,3,19,26,33,36,6,5,0,133,0,3,16,28,32,13,5,0,0,96,0,0,31,41,44,45,10,0,0,180,0,0,6,17,35,21,9,0,0,96,25,14,28,33,47,51,52,26,7,283,168,102,257,322,409,494,426,152,45,2375,50,15,49,46,43,64,27,5,3,293,34,7,22,23,18,27,14,4,3,150,8,12,20,27,41,53,36,13,19,232,5,5,19,24,31,53,73,40,11,270
LGA52940,7,0,0,0,0,0,0,0,0,12,5,0,0,0,0,3,0,0,0,5,0,0,4,0,3,3,0,6,0,21,0,0,0,0,0,3,10,3,0,18,0,0,0,0,5,3,11,0,0,21,0,0,3,4,0,4,8,3,0,26,3,0,0,3,6,3,3,3,0,22,0,3,3,5,7,3,0,0,0,18,0,0,4,9,8,3,0,0,0,29,0,3,8,0,4,3,3,0,0,17,0,0,3,0,3,3,4,0,0,14,0,0,0,5,0,0,0,0,0,8,0,0,3,0,4,0,0,0,0,12,0,0,0,3,8,7,0,0,0,20,0,0,5,3,3,3,6,0,0,23,17,10,27,44,53,46,49,16,0,271,3,0,5,3,3,10,0,0,0,24,0,0,3,3,0,0,0,0,0,9,0,3,0,0,3,10,3,0,0,24,0,0,0,6,3,3,10,3,0,26
LGA53010,4,0,0,0,5,0,0,0,0,8,0,0,0,0,0,3,0,0,0,3,0,0,4,3,4,0,3,0,0,16,0,3,0,0,0,3,4,8,0,20,3,0,0,0,0,6,4,7,0,27,0,0,5,4,3,4,4,3,0,30,0,0,6,4,4,7,0,3,0,23,0,4,11,3,10,6,3,0,0,28,0,0,5,4,5,6,3,0,0,28,0,0,10,6,4,9,0,0,0,28,0,0,5,3,3,0,0,0,0,21,0,0,0,0,3,4,0,0,0,5,0,0,0,0,4,0,0,0,0,10,0,0,0,0,3,0,0,0,0,9,3,0,3,5,3,8,6,6,0,37,12,16,48,46,47,62,41,26,3,284,0,0,0,0,3,3,0,0,0,12,0,0,0,4,0,0,0,0,0,4,0,3,11,3,0,4,6,3,0,33,0,0,4,3,6,4,6,4,0,31
LGA53080,3,0,3,0,3,3,0,0,0,11,3,0,0,0,0,3,3,0,0,12,0,4,4,3,3,8,3,3,0,25,0,0,3,0,5,7,12,6,0,30,0,0,5,0,6,3,14,3,0,34,0,0,0,0,3,5,4,0,0,12,0,0,4,0,4,6,0,0,0,18,0,0,4,3,9,5,0,0,0,25,0,0,3,5,8,3,0,0,0,23,0,0,4,0,0,3,0,0,0,10,0,3,7,0,9,4,0,0,0,21,0,0,4,0,7,3,0,0,0,14,0,0,7,11,6,7,3,0,0,27,0,0,4,0,10,0,0,0,0,17,3,0,13,14,23,18,14,0,0,90,9,13,61,43,89,83,60,13,3,372,0,0,4,3,3,7,0,0,0,25,0,0,3,0,0,4,0,0,0,9,0,0,3,0,3,0,4,0,0,13,3,0,0,3,9,3,4,3,0,33
LGA53150,102,8,10,15,24,21,13,9,0,207,46,18,4,0,9,6,7,3,6,105,23,30,23,10,11,15,17,17,0,147,9,20,9,10,7,11,19,27,9,120,7,23,11,3,13,15,32,16,5,123,3,16,9,5,17,16,32,15,3,122,4,14,15,8,15,27,28,18,8,135,0,15,27,14,22,30,28,13,3,156,0,17,34,18,28,33,26,5,0,160,0,6,33,35,26,28,17,4,0,153,0,5,41,40,41,36,14,4,0,187,0,0,27,34,36,56,7,0,0,165,0,5,37,91,97,86,13,6,0,335,0,3,24,144,214,104,39,5,0,525,16,11,33,45,46,32,21,39,24,253,211,199,332,470,611,523,306,182,63,2891,93,8,24,56,53,36,15,14,3,302,68,25,12,8,21,9,8,0,3,163,31,33,19,19,23,28,33,14,7,213,10,27,16,17,22,23,51,36,14,216
LGA53220,56,12,18,10,6,5,4,0,0,109,21,3,5,7,7,10,3,0,0,49,19,35,69,60,27,26,10,4,0,243,3,3,7,13,14,7,4,0,0,57,6,0,7,4,6,8,16,0,0,42,3,8,14,11,12,8,8,4,0,55,3,3,15,13,7,10,3,0,0,47,3,11,34,20,10,17,7,0,0,102,7,17,51,49,31,26,9,0,0,196,0,33,109,65,59,30,5,0,0,297,3,43,111,78,68,34,8,0,0,347,0,29,139,125,74,50,3,0,0,427,5,79,608,482,345,169,15,0,0,1701,0,22,331,312,229,105,9,0,0,1000,29,102,519,398,305,176,21,0,0,1554,159,406,2027,1634,1190,672,127,11,0,6232,63,12,66,54,25,22,0,0,0,242,18,5,36,19,11,11,4,0,0,102,16,34,98,56,38,32,14,3,0,296,4,11,45,17,22,13,9,3,0,124
LGA53290,196,15,13,15,13,31,24,12,0,329,92,5,12,3,0,19,15,3,0,152,38,16,31,14,29,48,49,18,5,253,23,14,12,16,26,48,110,77,23,363,28,19,18,21,42,40,79,55,15,318,27,44,34,32,38,49,77,38,3,340,10,61,50,36,52,46,43,24,10,333,7,57,79,66,73,70,45,10,3,419,8,38,109,103,116,96,52,8,7,534,0,23,92,79,104,84,23,6,3,409,0,15,84,92,118,57,22,3,0,391,0,9,52,73,78,62,8,7,0,292,0,9,67,130,157,91,17,10,0,474,0,0,27,44,80,33,23,4,0,219,86,52,115,120,165,121,102,50,19,830,521,395,802,847,1092,896,683,329,96,5663,179,13,64,58,63,89,30,10,3,517,97,10,35,50,33,35,24,4,0,291,41,23,76,75,46,69,64,24,10,424,12,32,76,62,62,72,123,84,34,563
LGA53360,12,0,4,6,6,6,3,0,0,44,16,0,3,0,3,6,4,0,0,26,7,8,5,0,3,7,15,0,0,52,4,4,3,0,4,9,35,14,0,73,0,4,3,0,10,12,13,3,0,45,0,3,8,4,11,8,12,4,0,57,0,10,15,7,8,16,11,0,0,68,3,6,31,17,17,13,8,3,0,96,0,4,20,26,22,18,16,5,0,112,0,8,16,29,19,5,6,3,0,86,0,3,19,22,17,11,0,0,0,83,0,3,13,24,20,10,0,0,0,68,0,0,23,40,42,22,4,0,0,131,0,0,10,13,24,16,5,0,0,62,14,5,26,24,19,18,10,4,0,131,70,67,199,214,224,177,137,43,3,1128,13,3,16,21,7,12,9,0,0,74,15,0,9,8,7,12,3,0,0,51,6,3,17,16,10,14,8,4,0,79,4,4,14,13,12,12,28,3,0,89
LGA53430,283,60,99,56,86,73,43,25,7,727,154,56,36,15,18,29,26,12,3,353,65,97,91,78,88,135,74,73,21,729,23,64,74,56,94,125,165,156,54,806,18,67,77,58,67,120,139,135,47,721,20,59,116,57,51,90,144,74,21,634,6,68,123,58,57,78,85,39,9,526,6,70,196,93,98,102,105,29,10,708,4,43,213,163,166,162,102,33,7,888,0,22,206,174,135,122,55,18,0,730,0,20,174,154,143,140,48,13,8,696,0,6,141,148,153,114,33,9,0,618,0,14,275,360,358,225,70,12,4,1317,0,10,146,308,353,194,96,16,5,1123,59,72,257,232,216,189,149,100,61,1334,643,720,2218,2009,2074,1899,1333,747,260,11909,292,49,156,186,120,138,70,39,17,1059,205,49,66,69,60,63,49,15,11,588,67,145,144,89,128,149,118,83,25,954,24,90,113,115,118,149,235,188,62,1090
LGA53570,64,13,5,10,14,29,28,5,3,167,15,0,3,5,3,17,17,3,0,60,4,6,3,11,13,34,47,20,0,139,3,3,14,8,16,39,75,43,3,200,4,3,15,7,17,34,55,22,3,180,9,9,11,14,17,22,37,22,4,150,5,18,22,19,18,28,30,17,5,166,3,21,31,19,42,45,19,4,0,185,0,13,36,38,38,46,29,8,3,201,0,3,14,23,30,23,15,0,0,106,0,0,9,25,23,31,5,0,0,98,0,0,20,23,28,20,3,0,0,102,0,0,24,28,43,21,10,3,0,128,0,0,8,26,25,16,16,4,0,88,31,9,25,39,39,59,51,29,9,287,140,97,239,284,370,469,434,185,38,2254,54,8,35,44,45,60,30,4,3,277,21,4,10,11,12,18,8,3,0,92,4,13,27,18,26,45,45,22,0,199,3,5,23,18,23,48,89,35,8,252
LGA53640,3,0,0,4,0,4,4,0,0,18,3,0,0,0,0,0,0,0,0,7,0,3,4,6,8,6,7,0,0,39,0,0,7,3,3,3,5,4,4,29,0,0,5,3,4,8,7,0,4,27,3,3,4,0,5,6,3,0,0,29,3,0,8,4,9,9,5,0,0,35,3,9,13,4,8,6,3,0,0,46,0,6,18,6,13,15,6,0,0,66,0,0,11,7,11,14,0,4,0,46,0,3,4,9,4,10,4,0,0,37,0,0,0,3,4,3,3,0,0,20,0,0,9,4,4,6,0,0,0,30,0,0,3,6,6,5,5,0,0,22,5,0,6,3,23,14,12,0,3,76,24,35,94,75,102,111,60,21,7,535,5,0,11,8,9,15,0,0,0,43,0,0,13,4,3,0,0,0,0,30,0,0,8,8,4,9,5,0,0,32,0,0,7,7,3,8,11,3,0,39
LGA53710,8,0,0,0,8,3,3,0,0,20,3,4,0,0,0,0,0,0,0,7,0,0,8,3,0,5,3,3,3,28,0,0,3,0,0,3,12,7,3,37,0,0,0,3,9,7,10,10,3,31,0,4,0,0,3,0,3,0,0,12,0,3,6,3,3,5,5,3,0,32,0,3,4,4,12,5,9,0,0,36,0,0,10,6,4,6,9,6,0,39,0,0,7,3,8,6,3,0,0,30,0,0,3,3,10,6,3,0,0,20,0,0,0,0,11,5,0,0,0,14,0,0,4,9,4,4,4,0,0,27,0,0,0,3,4,4,0,0,0,14,4,0,0,13,10,10,9,6,4,54,20,14,55,53,77,78,66,39,14,409,8,0,3,5,6,6,4,3,0,37,0,3,5,0,3,0,3,0,0,17,0,0,5,8,3,5,4,0,0,30,0,3,6,6,4,4,17,11,4,51
LGA53780,1999,576,529,351,302,412,264,76,21,4533,798,281,104,75,70,115,121,32,12,1604,340,462,413,301,324,359,389,169,45,2805,152,276,299,224,259,307,819,598,149,3082,143,277,304,226,207,281,540,332,85,2395,117,381,459,301,262,302,379,219,49,2453,81,454,788,518,415,361,278,108,36,3041,43,524,1199,878,722,540,274,54,15,4253,25,372,1515,1239,1050,763,228,44,11,5251,7,150,1010,1043,805,550,133,14,3,3715,0,71,770,869,749,458,113,9,3,3037,0,32,507,643,522,331,63,4,4,2108,0,34,686,1085,886,468,83,7,0,3255,0,19,238,422,418,225,48,4,3,1379,335,475,1002,860,624,405,314,207,110,4330,4040,4382,9824,9034,7612,5885,4060,1874,554,47250,1665,587,1659,1307,897,1036,375,106,24,7666,868,308,409,394,228,280,118,39,16,2659,431,450,690,587,498,502,415,205,59,3843,162,299,592,485,426,510,1063,612,162,4310
LGA53800,571,91,92,67,92,126,79,22,9,1145,207,33,31,23,40,52,33,17,6,443,97,94,129,104,134,139,159,67,11,942,52,40,55,67,86,138,301,234,71,1037,82,70,58,55,90,108,216,148,42,861,76,95,80,78,105,114,161,91,24,821,48,133,132,100,115,149,108,52,21,860,16,122,189,157,187,195,102,29,8,1011,11,137,264,267,300,210,94,18,7,1309,0,44,234,220,245,158,44,17,3,972,4,35,222,219,259,177,46,6,0,978,0,23,177,227,201,165,35,3,0,850,3,23,254,366,424,247,37,4,0,1369,0,18,70,148,180,112,35,14,3,564,184,155,322,309,331,275,189,138,73,1977,1354,1128,2310,2412,2794,2368,1638,867,275,15132,463,59,232,199,207,275,100,25,13,1563,309,54,92,99,79,106,51,17,3,810,127,84,165,163,145,178,149,67,25,1101,63,92,186,164,187,218,378,235,58,1585
LGA53920,34,18,11,3,4,6,0,0,0,74,13,13,11,7,3,0,3,0,0,52,14,27,79,44,36,18,16,6,0,230,0,4,15,12,17,15,10,3,0,70,0,3,5,0,7,12,15,3,3,52,3,8,10,7,5,9,4,0,0,42,0,5,3,7,7,0,0,0,0,27,3,3,7,7,6,9,3,0,0,36,0,4,21,12,8,6,7,0,0,48,0,4,10,6,14,9,0,0,0,38,0,0,9,4,6,10,0,0,0,31,0,3,13,5,0,10,4,0,0,29,0,3,10,4,5,6,0,0,0,31,0,0,0,0,7,3,3,0,0,18,61,37,91,77,40,33,15,4,0,362,137,136,292,210,160,132,65,17,4,1153,42,9,4,6,3,8,0,0,0,67,18,4,15,10,6,9,0,0,0,69,13,47,61,46,32,34,9,3,0,242,7,12,30,30,23,18,10,0,3,142
LGA53990,446,58,37,47,54,89,30,12,6,769,159,19,16,13,16,33,35,10,3,298,65,40,54,44,46,83,109,45,13,500,46,25,20,28,54,75,226,171,38,686,43,25,34,28,29,65,159,84,13,481,38,56,56,40,40,86,121,55,7,503,38,85,90,58,65,87,85,42,8,567,19,86,130,109,105,106,93,15,4,679,7,71,206,181,183,165,73,15,0,922,3,51,146,160,172,147,42,7,0,726,0,29,142,183,208,159,27,7,3,747,0,17,119,160,181,130,26,3,0,630,0,13,229,376,374,176,20,0,0,1194,3,11,85,150,138,100,15,6,0,510,122,40,135,158,195,143,133,68,18,1012,996,619,1500,1744,1856,1642,1203,552,121,10226,312,46,247,220,178,258,66,16,3,1337,220,32,107,79,76,84,49,5,0,649,75,60,127,147,129,163,112,44,8,861,49,44,111,123,126,161,274,139,43,1067
LGA54060,61,10,3,9,7,18,16,0,0,122,16,0,3,0,0,4,7,0,0,35,7,3,4,10,5,17,30,7,3,92,0,4,4,0,14,9,58,49,6,146,6,6,4,5,10,26,32,23,12,123,3,0,3,3,16,24,25,7,9,97,0,4,10,6,12,16,17,13,0,84,5,0,10,11,17,18,20,8,0,88,0,4,18,19,23,29,20,3,0,120,0,4,19,20,17,13,9,0,0,80,0,4,5,18,23,19,0,3,0,69,0,3,11,13,12,14,5,0,3,64,0,0,28,32,43,26,3,3,0,136,0,3,3,17,20,16,6,0,0,69,16,4,16,16,27,28,26,14,6,144,110,59,139,175,250,289,269,136,51,1476,39,3,14,29,20,42,10,4,3,160,23,0,10,11,11,11,5,0,0,73,6,3,19,15,16,38,45,9,4,154,0,3,16,17,21,36,72,37,7,207
LGA54130,7,3,3,0,6,4,0,0,0,24,0,0,0,0,3,0,4,0,0,8,0,0,0,0,0,5,3,4,0,20,3,3,3,0,0,4,3,4,3,23,0,0,0,3,3,3,10,7,0,27,0,3,5,3,6,8,4,0,0,31,0,6,7,11,11,10,6,3,0,44,0,8,11,3,14,8,3,0,0,46,0,4,18,9,10,19,5,4,0,69,0,0,15,8,11,6,4,0,0,36,0,0,3,12,5,4,3,0,0,24,0,0,3,8,7,4,0,0,0,19,0,0,12,4,5,3,0,0,0,26,0,0,0,3,3,7,0,0,0,17,4,3,17,11,15,17,10,4,0,73,23,28,85,65,92,102,59,24,8,486,0,0,3,5,0,8,0,0,0,25,0,3,3,0,6,4,3,0,0,21,0,5,3,4,3,9,3,0,0,36,0,0,5,7,8,4,7,4,0,34
LGA54170,2663,590,378,266,313,463,281,81,15,5054,1282,400,123,69,74,176,192,51,14,2391,457,616,341,167,184,324,526,221,72,2902,215,399,261,149,180,282,887,638,204,3210,218,381,239,158,166,294,798,393,150,2791,202,457,328,187,248,416,828,314,98,3092,95,510,469,278,315,442,601,196,65,2981,58,580,801,496,582,741,569,151,40,4019,24,492,1093,838,1026,1141,621,100,42,5372,7,247,1012,925,1000,893,370,53,14,4519,0,123,951,1035,1192,930,255,27,14,4524,3,44,683,1051,1103,812,166,22,8,3885,3,52,1093,2230,2350,1604,250,20,6,7609,5,16,464,1591,1988,1089,189,17,3,5359,332,282,580,583,610,556,386,227,111,3680,5560,5199,8818,10028,11335,10152,6919,2516,863,61389,2062,453,898,1408,1117,1312,429,138,62,7885,1620,397,289,468,400,515,314,103,32,4143,598,574,480,589,564,743,744,319,103,4712,208,447,390,553,570,691,1282,741,224,5112
LGA54200,943,168,152,102,149,169,124,32,7,1847,401,80,37,33,40,63,56,35,8,751,155,132,110,90,115,135,175,111,30,1049,70,95,73,51,75,104,451,364,75,1345,92,92,93,51,77,114,312,227,60,1111,98,152,109,74,94,146,264,148,35,1128,43,231,190,152,144,157,217,107,28,1270,24,237,350,305,281,284,215,52,20,1776,24,194,529,491,493,392,200,46,15,2373,4,98,415,429,440,283,156,29,5,1856,3,46,365,441,407,292,81,13,3,1653,0,27,253,334,358,250,71,12,3,1311,0,57,415,666,655,418,99,12,0,2324,3,14,142,315,393,259,61,12,4,1195,157,122,280,270,252,273,209,154,69,1797,2011,1737,3509,3794,3967,3335,2695,1353,366,22772,825,144,439,479,382,505,210,55,18,3052,479,111,142,174,131,151,114,30,3,1335,201,188,209,240,186,236,288,150,37,1734,68,140,174,230,196,250,573,356,82,2067
LGA54280,366,87,73,36,50,66,46,6,0,727,152,25,19,17,3,4,14,3,0,247,63,56,58,39,42,51,71,24,3,408,24,37,42,30,56,61,103,57,10,426,34,42,36,34,36,52,105,66,14,429,45,52,37,33,29,43,56,22,3,323,49,78,68,57,54,45,55,13,3,419,33,102,136,81,101,98,34,3,0,593,20,114,181,146,164,148,45,4,0,824,6,91,234,155,153,140,30,0,0,816,5,100,314,243,222,158,34,0,0,1071,0,67,324,225,223,150,23,3,0,1019,3,99,657,669,563,339,42,5,3,2378,0,13,166,257,257,136,23,5,0,866,108,130,361,327,295,259,112,38,13,1631,913,1096,2704,2354,2262,1748,794,251,49,12173,307,105,399,247,202,191,48,8,3,1505,203,32,98,71,50,33,18,4,3,524,92,73,126,126,82,84,44,21,7,666,42,48,150,114,86,75,117,56,15,708
LGA54310,271,70,60,51,37,31,16,3,0,540,84,6,5,5,3,9,0,0,0,118,30,21,19,18,17,17,10,4,0,154,18,21,16,18,25,18,34,5,0,140,13,14,16,16,12,14,24,7,3,119,20,25,20,20,20,25,9,4,0,152,22,38,30,28,19,23,14,4,0,179,13,54,81,44,32,30,7,0,0,275,13,69,141,99,86,47,11,3,0,460,6,46,137,125,91,50,4,0,0,464,5,39,158,129,117,85,18,0,0,549,3,43,227,177,130,86,14,3,0,676,3,85,658,589,400,221,28,0,0,1988,3,32,419,546,400,171,20,0,7,1612,107,144,518,414,347,152,47,5,0,1735,607,702,2504,2279,1742,991,263,45,15,9148,189,69,330,233,121,80,23,3,0,1044,98,13,94,75,24,16,0,0,0,324,45,23,98,79,56,25,13,3,0,345,22,23,80,85,48,39,22,3,0,327
LGA54340,48,6,0,5,3,20,6,5,0,100,12,0,0,0,0,3,4,3,0,31,9,7,14,12,22,25,13,9,3,108,11,3,9,6,8,18,44,34,0,140,8,0,8,6,11,10,19,11,7,78,4,19,9,10,10,19,17,5,3,100,7,42,51,42,39,27,5,5,0,231,4,20,32,32,33,27,17,7,0,168,3,5,14,21,38,22,16,5,0,128,3,8,21,22,21,19,4,0,0,91,0,5,23,18,25,22,0,0,0,87,0,3,15,9,14,13,0,0,0,52,0,0,11,19,19,20,0,3,0,72,0,0,4,3,8,6,0,0,3,24,24,19,36,37,47,45,26,22,4,264,133,144,248,242,303,294,178,104,32,1680,28,4,25,13,16,24,9,3,6,130,18,3,15,15,5,11,13,0,0,85,4,10,14,27,31,15,16,9,0,127,0,9,17,23,8,27,55,36,12,180
LGA54410,14,5,4,0,6,4,0,3,0,34,3,0,0,0,0,5,0,0,0,6,0,0,0,3,3,6,6,7,0,36,0,0,0,5,8,8,13,10,0,50,3,0,0,8,4,5,16,8,7,55,0,0,0,3,0,0,4,3,0,25,0,0,4,4,6,5,6,3,0,28,0,0,15,6,8,10,0,3,0,42,0,0,6,10,14,6,3,0,0,43,0,3,0,0,9,11,3,0,0,24,0,0,5,7,11,6,0,0,0,27,0,0,5,0,4,4,0,0,0,18,0,0,3,5,5,7,10,0,0,24,0,0,3,0,5,4,0,0,0,9,3,3,8,3,12,9,12,15,6,82,26,21,58,55,102,84,80,49,17,504,16,3,4,0,8,4,8,4,0,48,8,0,3,0,9,6,0,0,0,18,0,7,8,10,6,7,3,6,0,44,0,0,6,3,3,11,24,13,3,61
LGA54480,5,3,0,0,0,3,3,0,0,10,0,0,0,0,0,0,0,0,0,0,4,4,0,0,0,3,0,0,0,10,0,0,0,3,4,0,5,0,0,12,0,0,0,0,0,0,4,3,0,8,0,0,0,3,0,3,5,0,0,9,0,0,5,4,0,4,3,3,0,16,0,0,3,7,4,0,3,0,0,22,0,3,4,7,13,3,0,0,0,36,0,0,7,3,7,0,0,0,0,18,0,0,0,5,4,4,0,0,0,19,0,0,0,5,3,3,0,0,0,6,0,0,0,3,4,5,0,0,0,19,0,0,0,3,0,3,0,0,0,8,0,0,5,11,8,6,6,0,0,40,11,13,30,49,58,36,32,11,3,244,4,0,0,4,7,0,0,0,0,16,0,0,4,3,3,0,0,0,0,11,0,0,3,3,5,0,0,0,0,12,0,0,0,0,3,0,7,0,0,7
LGA54550,10,3,3,0,3,0,7,0,0,35,7,5,0,0,3,0,3,0,3,21,0,3,4,4,6,4,4,3,4,38,0,4,3,0,6,6,17,18,4,49,7,0,0,0,4,8,17,5,4,56,3,3,4,5,6,15,12,6,0,51,0,4,8,9,12,7,10,7,0,52,3,9,20,12,23,23,8,5,3,93,0,9,18,15,15,18,5,3,0,89,0,3,10,10,14,12,6,3,0,59,0,0,8,7,12,12,3,0,0,43,0,0,3,6,15,8,4,0,0,29,0,0,14,5,6,7,0,0,0,43,0,0,0,7,6,13,4,0,0,30,4,4,12,9,27,12,12,12,6,102,34,39,112,101,164,148,112,65,22,788,14,0,11,3,5,6,3,0,0,45,0,3,6,3,7,7,3,0,3,33,3,4,10,10,11,7,11,7,0,50,3,5,9,3,7,11,20,13,3,76
LGA54620,7,0,0,0,4,6,0,0,0,20,3,0,0,3,0,0,4,0,0,8,0,0,0,0,4,0,6,3,0,21,0,0,0,3,4,3,9,3,0,26,0,0,4,0,3,6,8,5,0,27,0,0,0,6,4,6,3,3,0,27,0,0,5,3,7,3,3,3,0,28,3,0,8,11,9,3,5,0,0,39,0,4,11,3,11,15,3,3,0,47,0,0,11,8,3,5,0,3,0,34,0,0,0,6,3,3,0,0,0,17,0,0,3,9,0,0,3,0,0,13,0,0,8,9,7,8,8,0,0,34,0,0,0,6,3,4,3,0,0,18,3,0,5,3,9,10,6,3,0,41,16,10,66,68,76,74,62,25,5,399,6,0,3,0,3,0,0,0,0,18,0,0,3,0,0,3,0,0,0,7,0,0,4,3,0,4,8,3,0,28,0,3,0,11,3,0,3,3,0,24
LGA54690,4,0,0,0,0,4,0,0,0,12,0,0,0,0,0,0,0,3,0,5,0,0,0,4,0,4,3,0,0,14,0,0,0,0,3,0,12,0,3,19,0,0,0,0,0,4,8,0,0,10,0,0,0,3,0,3,0,0,0,12,0,0,4,3,3,3,0,0,0,14,0,0,7,0,4,8,0,0,0,14,0,0,0,3,4,4,0,0,0,13,0,0,0,0,3,4,0,0,0,6,0,0,0,3,4,4,0,0,0,11,0,0,0,0,0,3,0,0,0,3,0,0,0,3,3,3,0,0,0,14,0,0,0,0,4,0,0,0,0,5,0,0,3,4,7,3,0,0,0,17,4,5,19,25,35,44,22,7,4,174,0,0,0,0,4,3,3,0,0,16,0,0,3,0,0,0,0,0,0,4,0,0,0,0,0,4,3,0,0,14,0,0,0,0,0,7,6,5,0,20
LGA54760,0,0,0,0,0,0,3,0,0,10,0,0,0,0,0,0,0,0,0,3,0,0,6,0,6,0,3,3,0,23,0,0,0,0,0,0,3,11,0,18,0,0,0,3,0,0,4,5,0,18,3,3,3,9,5,4,5,3,0,34,0,0,6,8,7,4,3,0,0,22,0,0,0,8,9,3,3,0,0,30,0,3,6,9,8,14,5,0,0,37,0,3,4,4,9,8,6,0,0,35,0,0,3,4,11,6,0,0,0,24,0,0,3,3,3,0,4,0,0,12,0,0,3,3,3,3,0,0,0,15,0,0,0,3,0,3,6,0,0,15,0,3,8,3,9,0,3,0,3,37,13,17,42,58,72,54,45,25,8,330,3,0,9,0,3,7,0,0,0,24,0,3,3,0,3,4,0,0,0,14,0,5,0,4,5,4,7,0,3,25,0,0,3,0,0,3,6,6,0,19
LGA54830,555,162,121,104,90,119,47,14,0,1210,185,66,37,14,39,34,37,6,3,424,107,127,148,101,104,120,109,68,11,885,41,76,61,77,82,102,247,168,32,890,53,50,92,78,89,104,157,97,28,747,58,107,112,77,82,80,76,50,10,642,26,151,185,138,93,76,59,27,9,765,17,155,401,263,220,123,40,15,3,1230,4,126,530,444,327,179,73,5,0,1692,0,73,433,328,247,126,20,0,0,1236,0,44,353,289,196,127,13,3,0,1033,3,23,262,226,155,80,12,0,0,772,0,30,318,382,265,145,19,3,0,1157,0,7,94,130,126,65,15,5,0,442,149,283,663,523,306,183,155,69,26,2357,1198,1483,3810,3178,2423,1653,1078,536,123,15469,448,162,488,370,262,273,76,19,0,2095,235,86,149,98,76,53,24,11,3,734,148,164,277,204,140,152,119,48,12,1269,50,111,209,169,124,183,281,158,37,1322
LGA54900,3,0,0,3,0,5,3,3,0,22,3,0,0,0,0,0,0,0,0,4,0,0,0,0,0,3,3,0,0,8,0,0,0,0,5,4,3,8,3,27,3,0,0,4,0,7,3,4,0,22,3,3,0,3,3,3,7,3,0,28,3,7,4,6,0,8,3,0,0,30,0,5,13,13,13,14,3,3,0,68,0,6,18,16,14,17,16,0,0,80,0,0,8,15,12,8,0,0,0,45,0,0,8,9,5,9,3,0,0,35,0,0,0,12,6,5,5,0,0,26,0,0,10,8,18,8,4,0,0,45,0,0,0,6,7,8,3,3,0,28,3,4,9,15,6,16,7,3,0,59,21,26,76,106,97,115,63,27,5,523,14,0,8,3,3,8,5,0,0,41,0,0,11,3,4,0,0,0,0,19,5,0,9,0,3,3,0,3,3,27,0,3,9,3,8,5,6,6,0,37
LGA54970,12,0,0,0,0,5,0,0,0,17,0,0,3,4,0,0,0,0,0,8,0,6,12,13,13,6,3,0,0,51,0,0,3,0,0,4,3,3,0,11,0,0,3,0,3,0,6,3,0,17,0,0,4,5,4,3,0,0,0,19,0,4,0,3,0,3,0,0,0,9,0,3,5,4,3,3,6,0,0,22,0,0,3,3,3,4,0,0,0,21,0,7,8,7,6,10,0,0,0,36,0,4,13,6,10,6,0,0,0,44,0,6,28,13,23,8,0,0,0,76,0,8,72,33,53,21,3,0,0,186,0,0,12,15,19,7,3,0,0,52,3,12,56,27,37,19,4,4,0,159,15,47,214,124,165,106,34,14,0,720,7,0,0,0,3,3,0,0,0,17,0,0,0,0,0,0,0,0,0,5,3,4,18,4,3,3,4,0,0,42,0,3,3,10,4,4,3,0,0,28
LGA55040,6,0,4,0,0,0,3,0,0,17,0,0,0,0,0,3,0,0,0,4,0,6,3,3,3,3,0,0,0,26,3,0,0,3,0,0,7,0,0,17,0,0,0,0,4,7,3,0,0,21,0,3,0,3,0,0,0,3,3,14,0,4,3,0,4,3,0,0,0,14,0,3,3,3,3,3,0,0,0,16,0,0,4,7,3,5,3,0,0,21,0,0,10,7,8,0,3,0,0,42,0,0,18,12,13,12,0,0,0,53,0,3,38,13,14,6,0,0,0,74,0,4,49,41,34,12,5,0,0,146,0,3,16,22,16,5,0,0,0,68,10,20,72,50,49,23,9,3,3,236,25,50,225,169,152,89,39,12,5,771,4,0,13,11,4,6,0,0,0,38,0,0,0,0,0,0,0,0,0,8,3,3,10,3,3,0,0,0,0,20,0,5,6,4,0,3,4,0,0,21
LGA55110,1165,200,153,127,158,299,165,63,23,2353,420,105,37,36,56,85,99,49,11,909,227,247,245,196,171,302,419,234,56,2093,102,149,111,147,151,272,1027,886,213,3058,107,139,136,128,165,279,669,439,141,2208,96,188,139,140,158,254,603,329,99,2009,70,239,213,153,186,240,363,235,62,1761,37,240,356,305,312,320,309,114,38,2040,10,202,502,438,417,419,285,107,31,2425,11,99,370,385,394,318,148,29,9,1764,4,84,372,365,437,325,95,20,0,1703,0,40,306,389,420,312,77,9,0,1559,0,55,617,814,964,557,113,18,11,3136,0,17,246,417,599,361,74,22,4,1741,203,184,402,400,444,408,430,342,174,3000,2458,2202,4213,4444,5036,4751,4875,2886,879,31747,989,224,636,648,623,800,269,105,45,4345,580,141,217,231,169,242,156,57,23,1812,272,260,386,361,338,547,536,291,66,3055,131,216,337,330,399,643,1351,827,169,4400
LGA55180,118,14,7,13,12,32,22,4,0,221,65,3,0,4,15,17,14,6,0,123,18,26,21,27,40,45,49,23,4,252,17,7,14,22,31,51,116,84,20,370,17,21,13,21,40,49,65,46,11,277,15,17,16,19,29,52,61,23,8,252,14,33,45,33,59,56,46,32,7,320,5,32,60,46,83,62,31,8,4,330,0,27,71,65,102,90,23,9,7,386,0,12,39,44,59,58,15,0,0,229,0,6,36,31,55,67,20,0,0,213,0,4,17,35,34,25,8,0,0,123,0,0,19,38,58,45,15,6,0,185,0,0,10,30,9,11,11,3,0,86,56,16,46,55,63,80,59,40,14,426,330,219,417,494,679,732,563,285,78,3799,81,12,36,43,30,62,17,10,3,287,64,9,18,11,25,32,18,9,3,191,16,20,45,46,54,62,65,27,12,352,14,18,37,45,73,78,117,70,11,452
LGA55250,7,0,0,4,0,5,0,0,0,15,0,0,0,0,0,0,0,0,0,4,3,3,6,0,7,6,0,0,0,24,0,0,0,3,0,0,7,0,0,17,0,0,3,0,8,8,4,0,0,23,0,3,3,0,3,0,4,0,0,22,0,0,8,0,0,4,3,0,0,18,0,0,8,5,3,12,3,0,0,30,0,0,0,5,3,0,0,0,0,15,0,5,6,4,0,7,3,0,0,24,0,7,9,7,7,3,4,0,0,28,0,3,11,5,11,6,0,0,0,35,0,4,32,25,21,6,0,0,0,94,0,0,15,9,13,3,0,0,0,35,9,9,38,28,14,15,14,0,0,132,17,33,149,104,85,76,43,8,3,523,9,0,4,4,3,4,0,0,0,27,3,0,3,3,0,0,3,0,0,12,7,0,7,3,3,6,5,0,0,23,0,0,7,3,0,5,4,0,0,19
LGA55320,1621,535,307,151,211,285,205,99,24,3428,803,353,100,51,67,113,111,55,29,1685,297,447,216,118,154,197,314,170,64,1970,149,297,201,88,123,201,431,448,171,2111,84,234,200,100,123,198,426,334,151,1855,79,284,249,153,141,230,465,300,111,2011,50,238,335,183,174,234,361,218,93,1882,20,294,431,264,266,363,419,160,80,2302,5,269,643,424,435,496,371,114,62,2810,3,132,560,444,412,454,230,69,34,2340,0,91,535,508,516,467,210,54,20,2396,0,27,403,511,500,428,169,34,20,2090,3,28,720,1196,1262,979,272,50,22,4531,3,15,358,1286,1576,1014,257,67,13,4589,166,193,421,333,390,341,286,235,221,2603,3284,3444,5688,5823,6327,5993,4529,2406,1116,38610,1418,396,584,856,667,771,362,132,48,5241,920,365,188,284,260,346,213,97,72,2747,361,487,302,346,351,447,461,268,136,3163,111,315,236,284,352,385,667,584,262,3195
LGA55390,3,0,0,0,0,0,0,0,0,8,0,0,0,0,0,0,0,0,0,0,4,9,13,13,6,4,3,0,0,44,0,0,0,0,3,3,3,0,0,14,0,0,0,4,0,0,3,0,0,6,0,4,0,3,0,3,3,0,0,11,0,0,0,0,0,0,0,0,0,3,0,0,0,0,0,0,0,0,0,5,0,0,0,3,3,0,0,0,0,9,0,0,3,3,3,0,0,0,0,10,0,0,4,4,3,10,0,0,0,19,0,0,11,3,11,3,0,0,0,26,0,0,15,4,15,8,0,0,0,40,0,3,4,8,6,3,0,0,0,23,4,0,16,6,6,6,3,0,0,46,19,21,69,54,56,40,21,4,0,278,4,0,0,3,0,0,0,0,0,10,0,0,0,0,0,0,0,0,0,3,7,0,7,10,9,0,3,0,0,37,0,3,4,4,3,5,4,0,0,23
LGA55460,44,48,3,3,9,6,10,3,0,127,15,47,3,0,3,7,4,4,0,80,7,8,15,6,13,13,5,5,0,70,5,5,10,0,6,19,23,17,10,97,10,3,3,4,9,6,26,11,7,84,5,15,10,10,13,17,13,7,3,91,0,18,11,11,16,14,15,3,0,81,0,14,22,14,17,18,12,0,0,98,3,14,22,20,33,24,13,3,0,128,0,6,22,15,25,13,3,0,0,82,0,3,17,25,31,18,6,0,0,101,0,0,18,16,12,11,4,3,0,61,0,3,23,28,24,32,6,0,0,112,0,0,0,13,10,10,0,3,0,40,22,30,18,15,20,24,25,13,9,171,109,207,191,184,240,228,168,70,33,1431,30,5,23,13,27,23,8,0,0,130,21,3,9,4,7,10,0,3,0,53,4,7,13,8,12,15,8,6,3,83,5,6,17,16,10,20,29,17,4,118
LGA55530,3,0,0,0,3,0,0,0,0,12,0,0,0,0,0,0,0,0,0,3,0,0,0,0,0,0,3,0,0,5,0,0,0,0,0,3,7,3,0,12,0,0,0,0,0,10,6,0,0,17,0,0,0,0,3,3,0,0,0,11,0,0,0,0,3,0,0,0,0,13,0,0,5,0,4,7,0,0,0,21,0,0,6,4,6,8,0,0,0,26,0,0,7,5,3,3,0,0,0,14,0,0,3,6,0,3,3,0,0,14,0,0,3,0,3,3,0,0,0,8,0,0,0,0,0,3,0,0,0,7,0,0,3,0,0,3,0,0,0,6,3,0,6,0,4,13,3,0,0,28,12,11,37,25,33,57,20,4,7,201,3,0,0,3,0,3,0,0,0,15,0,0,0,5,3,0,0,0,0,8,0,0,5,4,3,3,3,0,0,17,0,0,0,3,0,7,6,3,0,21
LGA55600,28,4,0,0,3,9,0,0,0,55,7,4,0,0,0,0,0,0,0,12,4,6,10,13,3,14,12,3,4,65,3,4,3,6,5,6,18,15,3,74,3,3,0,3,3,6,13,13,4,53,3,8,7,8,9,7,8,7,3,65,0,6,10,8,7,10,13,7,0,66,0,6,14,12,22,23,16,5,0,96,0,13,18,23,31,22,12,3,0,115,0,3,21,21,19,10,3,0,0,72,0,4,12,18,24,19,8,3,0,81,0,0,7,14,7,12,3,0,0,45,0,4,7,16,10,11,3,0,0,59,0,0,3,5,11,3,0,0,0,27,14,3,10,19,28,24,12,8,5,124,68,79,118,167,188,166,125,69,23,996,19,5,9,8,18,3,4,0,0,62,17,5,6,5,14,6,5,0,0,52,0,3,7,11,12,22,7,3,0,74,6,8,14,17,15,12,21,11,7,102
LGA55670,28,0,3,0,3,4,0,0,3,49,6,0,0,0,0,0,0,0,0,10,0,3,3,3,5,3,0,0,0,22,0,0,3,0,0,3,4,4,0,19,0,0,0,4,7,6,3,7,0,27,0,0,5,3,9,0,0,3,0,24,3,3,0,4,0,3,0,3,0,16,3,4,3,5,0,4,4,0,0,24,0,0,3,8,8,3,0,0,0,26,0,0,3,0,3,0,0,0,0,17,0,0,3,0,0,6,0,0,0,15,0,0,0,0,5,3,0,0,0,10,0,0,0,3,0,0,0,0,0,10,0,0,0,0,0,8,0,0,0,8,8,0,3,4,4,7,3,3,3,38,51,21,32,40,50,60,22,28,13,314,15,0,3,3,0,0,0,0,4,30,0,0,0,0,0,3,0,0,0,9,0,3,4,3,3,5,0,0,0,25,0,4,0,0,4,3,9,3,0,20
LGA55740,159,26,21,20,20,26,15,8,0,283,60,37,5,0,3,6,7,0,0,136,23,30,20,6,11,18,25,4,0,136,11,27,9,10,16,20,25,16,9,151,5,20,32,11,18,23,36,24,10,177,4,19,26,11,12,21,39,22,11,158,0,20,17,16,8,19,19,19,3,119,0,16,40,21,22,16,28,5,0,147,3,12,69,35,30,28,31,12,4,224,0,5,49,37,29,33,12,6,3,175,0,3,59,27,25,23,24,11,0,169,0,3,31,20,31,23,22,4,0,142,0,3,51,77,91,74,28,13,0,327,0,0,37,166,246,150,72,23,4,695,20,13,58,50,60,52,57,33,27,361,282,228,521,507,617,512,456,200,70,3394,214,28,53,54,75,31,31,12,3,505,71,25,13,18,21,19,15,3,3,185,19,47,27,31,21,28,28,18,4,222,14,24,16,22,34,35,45,31,9,232
LGA55810,5,0,0,0,0,4,3,0,0,17,0,0,0,0,0,0,0,0,0,0,0,3,4,0,0,5,0,0,0,18,0,0,0,3,3,0,5,0,0,16,0,0,3,0,0,3,5,3,0,19,0,0,0,0,6,0,5,0,0,17,0,0,0,0,0,0,3,0,0,6,0,0,0,0,0,5,3,0,0,10,0,0,0,0,4,4,0,0,0,5,0,0,4,0,0,0,0,0,0,4,0,0,0,3,4,3,0,0,0,13,0,0,3,0,4,0,3,0,0,14,0,0,4,3,3,0,0,0,0,15,0,0,0,0,3,0,0,0,0,7,8,0,12,8,8,12,11,0,0,58,16,6,32,26,45,43,41,7,0,214,3,0,0,3,0,3,0,0,0,14,0,0,0,0,0,0,0,0,0,4,0,3,3,6,3,7,0,0,0,17,0,0,3,3,3,8,3,0,0,19
LGA55880,7,0,3,0,3,0,3,3,0,11,0,0,0,0,0,3,0,0,0,4,0,0,0,3,3,0,0,0,0,12,0,0,3,3,0,3,3,0,0,15,3,0,0,3,4,4,7,0,0,23,0,0,3,3,3,3,0,0,0,19,0,0,0,0,3,6,0,0,0,8,0,0,3,5,3,5,3,0,0,32,0,0,8,3,9,0,3,0,0,25,0,0,3,7,7,0,0,0,0,15,0,0,4,4,5,0,0,0,0,15,0,0,0,3,6,3,0,0,0,7,0,0,3,3,0,0,0,0,0,8,0,0,0,0,3,0,0,0,0,4,3,0,3,6,6,0,4,0,0,19,10,3,34,42,50,36,33,11,6,222,0,0,7,0,3,3,3,0,0,17,0,0,8,0,0,3,0,0,0,14,0,0,5,9,3,0,4,0,0,22,0,0,0,4,3,3,0,0,0,13
LGA55950,0,0,0,0,3,3,0,0,0,9,0,0,0,0,0,0,3,0,0,6,0,0,0,3,4,0,0,0,0,5,0,0,0,3,0,3,4,6,4,24,0,0,3,0,0,0,3,0,0,10,0,0,3,5,3,0,3,3,0,16,0,0,0,4,0,4,0,0,0,8,0,3,4,3,4,4,3,0,0,19,0,0,13,3,7,9,0,0,0,31,0,0,3,3,3,3,6,0,0,17,0,0,4,0,0,7,0,0,0,13,0,0,4,5,0,0,0,0,0,11,0,0,0,8,3,4,3,0,0,17,0,0,0,6,0,0,0,0,0,6,3,0,6,4,6,4,3,4,0,31,9,8,40,44,30,44,35,19,6,233,0,0,5,7,0,3,4,0,0,14,0,3,4,0,0,3,0,0,0,13,0,0,0,5,4,3,3,0,0,20,0,3,0,3,6,7,4,7,0,31
LGA56090,624,102,90,59,86,119,82,19,5,1188,246,52,19,20,28,48,52,19,0,492,114,127,75,60,70,109,141,86,29,805,44,54,51,39,72,113,334,215,65,973,55,72,59,52,76,96,253,132,29,825,61,104,53,47,81,98,209,99,14,774,25,103,78,73,97,121,145,73,19,733,15,113,155,118,192,215,147,33,8,1005,11,100,228,208,266,306,157,28,8,1307,0,61,203,197,246,235,93,12,8,1059,0,25,186,240,305,201,69,15,3,1036,0,19,123,185,251,190,43,7,3,814,0,14,200,399,482,338,61,11,3,1513,3,8,86,242,354,198,42,6,0,928,135,314,793,679,483,273,202,100,62,3044,1329,1265,2396,2611,3095,2667,2034,846,256,16501,474,75,228,283,301,337,125,27,12,1861,314,58,86,120,103,145,87,11,5,931,119,111,123,150,160,211,221,94,14,1208,58,83,92,140,146,193,406,212,51,1390
LGA56160,0,0,0,0,0,0,0,0,0,3,0,0,0,0,0,0,0,0,0,0,0,4,0,3,0,0,0,0,0,6,0,0,0,0,0,0,0,0,0,0,0,0,0,0,3,0,0,0,0,0,0,0,0,0,0,0,0,0,0,3,0,0,0,0,0,0,0,0,0,3,0,0,0,0,4,0,0,0,0,5,0,0,0,0,3,0,0,0,0,4,0,0,0,0,3,0,0,0,0,5,0,0,0,0,0,0,0,0,0,0,0,0,0,0,0,0,0,0,0,0,0,0,0,0,0,0,0,0,0,0,0,0,0,0,0,0,0,0,0,0,0,9,10,4,7,3,0,0,0,35,5,13,12,12,26,8,3,0,0,74,3,0,3,0,3,0,0,0,0,9,0,0,0,0,0,0,0,0,0,0,0,0,0,3,0,3,0,0,0,5,0,3,0,0,0,0,0,0,0,4
LGA56230,240,48,32,26,30,54,35,19,4,495,72,22,12,8,8,24,30,8,0,184,30,40,41,35,55,72,131,44,13,456,19,23,23,36,35,64,209,166,23,605,25,30,28,28,34,83,130,120,29,505,20,36,27,24,38,62,138,65,24,422,11,36,31,27,46,51,81,47,7,340,4,45,46,50,68,77,68,17,9,389,6,31,75,85,99,89,61,17,9,460,0,15,52,59,79,78,38,6,0,330,3,24,66,92,100,88,18,5,0,396,0,4,60,74,108,79,13,3,0,342,0,20,174,185,229,127,29,0,3,768,0,4,48,91,95,61,16,7,4,317,63,44,76,98,119,128,143,71,25,769,492,420,786,919,1146,1125,1130,591,148,6771,205,48,139,119,132,183,49,15,4,891,111,22,36,40,48,56,21,16,0,344,64,50,77,76,78,151,122,56,16,688,28,44,61,71,88,123,254,137,33,827
LGA56300,8,3,0,0,4,3,4,0,0,26,3,4,0,4,0,3,6,0,0,23,0,0,3,5,8,14,13,4,0,54,0,0,0,3,3,9,28,15,0,60,0,0,4,8,7,13,18,4,0,59,0,7,6,5,3,8,7,3,0,37,0,0,5,0,3,15,8,0,0,40,0,3,4,3,16,11,14,0,0,57,0,3,9,7,15,15,14,5,0,55,0,0,0,6,3,11,3,3,0,28,0,0,0,8,0,5,3,0,0,19,0,0,0,6,3,3,3,3,0,19,0,0,0,5,12,3,0,0,0,24,0,0,0,4,4,10,0,4,0,17,5,5,5,9,13,8,16,6,3,68,23,24,42,65,99,135,145,42,3,576,14,0,5,3,9,19,0,5,0,56,0,0,0,4,4,3,3,0,0,21,0,0,4,4,16,11,18,3,0,56,0,0,5,4,3,15,27,8,0,61
LGA56370,4,0,0,3,6,3,0,0,0,14,0,0,0,0,0,0,0,0,0,4,3,0,0,0,0,0,3,3,0,12,0,0,3,4,4,4,6,3,3,30,0,0,0,3,0,4,5,3,3,20,3,3,0,0,4,3,3,3,0,22,0,3,5,0,7,3,4,0,0,19,0,0,14,8,3,7,3,0,0,40,0,4,12,4,8,8,6,0,0,43,0,3,5,3,4,4,0,0,0,24,0,0,9,0,6,9,0,0,0,21,0,0,0,5,0,5,0,0,0,12,0,0,6,3,4,4,0,0,0,22,0,0,0,0,4,3,3,0,0,18,3,0,3,0,3,9,8,4,0,30,15,14,56,39,50,71,49,25,10,338,3,0,6,3,3,9,3,0,0,28,4,0,8,5,0,0,0,0,0,22,0,0,4,7,7,8,3,5,0,23,0,0,3,0,6,9,13,0,0,31
LGA56460,92,10,9,3,7,10,3,0,0,146,21,3,3,9,3,3,9,4,3,46,6,3,21,8,11,13,28,16,3,102,10,9,9,22,13,26,46,36,7,177,9,7,3,8,14,12,31,18,16,114,3,14,10,18,18,23,26,18,4,128,4,20,20,19,25,26,23,9,3,147,0,27,20,23,35,30,14,6,0,162,0,15,40,25,35,31,12,0,3,166,0,5,37,33,29,22,11,0,0,141,0,8,23,28,38,32,9,0,4,125,0,5,12,11,16,17,3,0,0,66,0,3,13,27,41,21,9,0,0,116,0,0,6,13,20,18,6,0,0,64,39,6,40,32,31,43,37,27,8,263,189,127,263,278,329,338,267,131,46,1973,118,10,28,12,17,29,12,4,3,232,17,0,15,9,6,12,3,0,0,62,11,3,29,16,18,27,32,6,7,145,11,10,28,20,23,29,52,36,9,212
LGA56580,423,153,71,29,43,43,45,14,3,833,197,118,17,5,5,18,11,9,3,385,57,143,57,17,20,16,28,21,15,358,24,77,27,13,11,20,60,36,20,292,19,62,39,30,22,25,53,65,42,356,7,61,45,24,26,36,66,41,18,318,6,47,42,25,16,42,54,37,14,285,0,31,54,18,38,33,61,37,8,282,5,52,69,42,42,67,97,48,16,442,0,22,76,47,59,61,57,29,9,362,0,18,81,68,61,68,62,30,3,392,0,13,77,45,58,65,55,6,0,323,0,4,130,160,194,200,115,43,4,847,0,9,83,530,780,521,222,33,12,2190,39,42,72,77,102,81,65,38,20,534,786,849,930,1133,1477,1291,1062,492,189,8211,352,93,81,185,185,132,87,29,8,1140,240,103,28,50,56,46,43,14,5,588,74,119,43,43,57,73,68,41,22,534,13,69,44,50,56,65,73,64,29,455
LGA56620,10,0,0,0,0,0,0,0,0,15,9,5,3,3,0,3,0,0,0,26,7,19,41,38,15,10,4,3,0,131,4,8,12,11,10,3,4,0,0,59,0,3,14,5,8,0,3,0,0,31,0,0,3,4,3,0,0,0,0,14,0,0,3,3,0,0,0,0,0,6,0,0,5,3,0,3,0,0,0,8,0,0,8,0,3,0,0,0,0,16,0,0,5,3,0,3,0,0,0,17,0,0,0,0,0,0,0,0,0,8,0,0,0,0,0,3,0,0,0,11,0,0,3,0,6,3,0,0,0,10,0,0,0,0,0,0,0,0,0,0,33,32,40,49,26,20,17,4,0,218,68,71,138,114,77,57,36,4,3,563,18,0,0,0,3,0,0,0,0,25,10,6,4,0,8,3,0,0,0,33,13,22,44,23,30,17,7,0,0,146,5,9,17,17,10,6,3,3,0,69
LGA56730,123,16,21,19,21,42,24,9,3,269,33,8,8,8,3,11,21,0,0,105,32,37,34,41,41,58,42,27,6,311,13,19,20,27,21,50,140,86,11,386,6,23,22,24,39,45,113,53,14,345,18,23,17,25,28,36,44,30,3,222,8,45,32,26,28,50,43,19,8,275,4,28,38,50,52,68,27,9,3,282,4,28,74,68,70,73,24,7,3,341,0,9,45,56,59,69,19,0,0,262,0,8,61,44,55,62,8,4,0,250,0,5,33,49,44,59,10,3,0,206,0,4,44,74,92,64,15,0,0,290,0,0,20,30,37,36,11,0,0,129,45,87,258,184,143,107,84,39,20,976,298,354,733,722,728,826,634,278,77,4648,124,18,50,52,73,90,30,6,4,446,65,7,34,29,27,33,16,4,3,221,23,27,46,44,59,78,59,20,8,368,11,17,42,42,62,76,168,68,18,488
LGA56790,27,4,9,13,12,18,6,0,0,92,11,0,3,0,4,5,12,3,0,45,0,9,10,9,8,36,30,5,4,114,3,9,3,8,10,34,72,30,8,166,6,5,6,8,20,18,46,24,4,132,3,5,8,9,14,25,22,4,3,92,3,13,11,15,15,28,24,8,0,103,3,5,15,7,22,22,9,0,0,84,0,7,20,23,19,43,14,3,0,125,0,5,12,7,20,16,8,4,0,69,0,3,3,5,15,9,7,0,0,51,0,0,3,17,14,15,6,0,0,60,0,3,12,15,32,25,0,0,0,82,0,0,3,9,11,11,8,0,0,46,14,10,15,18,31,52,45,19,17,216,64,74,127,165,255,360,294,106,30,1471,22,3,7,17,22,32,13,0,3,118,15,3,3,6,11,14,10,3,0,63,3,5,11,17,18,35,21,8,0,127,4,7,9,15,20,35,66,26,4,182
LGA56860,5,0,0,0,0,0,0,0,0,7,0,0,0,0,0,0,0,0,0,0,0,0,0,0,0,4,0,0,0,9,0,0,3,0,0,0,4,3,0,9,0,3,0,0,0,3,0,0,0,11,0,3,0,0,0,3,0,3,0,8,0,0,0,0,0,0,0,0,0,7,0,3,0,0,0,3,0,0,0,11,0,0,0,0,0,0,0,0,0,7,0,0,0,0,4,4,0,0,0,8,0,0,0,0,6,0,0,0,0,9,0,0,0,0,0,0,0,0,0,3,0,0,0,0,3,0,0,0,0,5,0,0,0,0,3,0,0,0,0,3,0,0,0,0,3,0,0,3,0,12,9,12,14,4,19,28,14,9,8,105,3,0,3,5,3,4,0,0,0,17,0,0,0,0,0,3,0,0,0,9,0,0,0,4,0,0,0,0,0,4,0,0,3,4,0,0,0,3,0,16
LGA56930,26,6,0,0,3,0,0,0,0,39,13,7,4,0,0,0,0,0,0,23,3,14,0,0,0,0,4,0,0,21,0,3,3,3,3,0,0,0,0,12,0,7,0,0,3,4,0,6,0,16,0,0,0,3,3,0,3,3,0,12,3,3,4,0,0,3,3,0,3,19,0,0,6,0,0,3,3,0,0,21,0,0,8,3,0,3,3,3,0,25,0,0,3,3,3,0,9,0,0,20,0,3,4,0,7,6,4,0,0,25,0,0,4,3,4,4,4,9,0,25,0,3,7,9,8,7,0,5,4,41,0,5,3,21,70,66,23,13,5,204,5,8,6,4,10,6,9,10,0,57,48,56,57,55,111,106,68,47,11,563,104,3,5,14,18,15,9,5,0,176,34,8,3,0,3,6,0,3,0,58,9,5,0,3,3,0,0,0,0,26,0,8,3,0,8,3,7,4,3,30
LGA57000,5,0,0,0,0,6,3,0,0,14,0,0,0,0,0,0,3,0,0,5,0,0,0,0,0,0,0,0,0,3,0,0,0,0,0,0,3,3,0,9,5,0,0,0,0,3,6,0,0,13,0,0,3,0,0,0,3,0,0,14,0,3,0,0,3,0,0,0,0,7,0,3,3,3,6,7,3,0,0,21,0,3,7,6,3,7,4,0,0,26,0,0,11,5,4,10,0,0,0,35,0,0,4,4,8,7,0,0,0,26,0,0,9,6,9,6,3,0,0,23,0,4,26,13,6,8,0,0,0,59,0,0,7,8,11,9,0,0,0,41,3,0,13,13,12,9,5,0,0,49,10,20,88,54,71,71,29,6,3,349,4,0,3,3,9,9,0,0,0,25,0,0,0,3,3,0,3,0,0,11,0,0,0,3,0,3,0,0,0,6,0,0,0,5,4,0,0,0,0,13
LGA57080,158,278,177,71,49,50,39,9,0,834,71,76,35,13,8,16,13,0,0,238,49,106,96,42,29,43,33,15,3,418,21,81,105,40,41,52,75,59,7,483,13,110,136,46,41,41,73,38,9,514,12,86,187,43,19,35,39,24,11,451,7,83,186,46,27,32,40,25,7,445,12,91,263,82,51,42,55,16,3,623,3,97,385,88,65,53,31,13,0,739,0,45,319,108,56,68,26,8,0,625,0,27,349,122,73,37,26,5,0,630,0,18,276,108,52,56,24,3,0,538,0,30,531,310,174,128,53,14,4,1251,0,8,288,297,263,211,88,31,7,1191,58,234,735,315,202,191,122,60,13,1928,415,1361,4073,1738,1151,1045,745,318,70,10914,184,311,443,205,101,92,41,13,3,1386,73,69,69,34,20,21,24,3,3,315,68,142,113,56,30,54,45,20,3,535,27,106,171,36,31,48,72,37,20,555
LGA57140,8,0,3,0,0,5,0,0,0,30,0,0,0,3,3,7,3,3,0,22,3,4,7,3,3,9,8,0,0,33,0,4,3,0,3,7,20,15,0,55,0,0,4,3,4,10,11,3,0,38,0,0,0,3,3,7,3,9,0,24,0,0,0,3,0,4,7,0,0,22,0,0,3,0,11,9,10,3,0,39,0,8,4,8,6,11,11,0,3,45,0,4,3,3,13,12,0,0,0,30,0,0,4,3,7,8,3,0,0,23,0,0,3,6,3,7,0,0,0,22,0,0,0,9,10,3,0,0,0,19,0,0,0,0,0,0,0,0,0,6,4,4,3,6,4,15,12,5,5,67,25,27,39,53,71,107,95,51,12,476,10,0,6,9,7,8,3,3,0,45,3,3,3,8,3,0,0,0,0,21,0,0,5,6,15,13,9,0,0,50,0,0,3,3,11,10,19,12,0,67
LGA57210,66,16,3,11,14,23,15,3,0,145,30,0,0,0,8,11,9,3,0,70,9,7,17,23,16,42,21,11,3,152,6,9,5,7,12,34,76,44,14,213,10,7,11,13,18,34,56,28,10,187,8,9,13,11,18,24,28,14,3,138,4,12,17,14,28,23,26,14,3,135,3,22,35,41,49,42,25,7,0,216,0,13,19,35,49,36,20,8,3,172,0,5,12,23,32,33,9,3,0,126,0,0,14,15,29,16,8,0,0,82,0,0,10,22,24,14,0,0,0,75,0,3,12,18,28,20,3,0,0,91,0,0,3,8,9,11,9,3,0,38,19,8,50,54,70,44,41,21,3,311,160,114,221,300,411,410,345,158,31,2153,46,10,23,27,35,42,9,3,3,202,17,16,9,9,15,26,12,0,0,108,16,9,16,33,38,53,28,15,3,209,9,4,21,23,32,34,89,25,8,235
LGA57280,132,37,40,20,20,26,15,4,0,304,42,3,5,3,12,6,3,0,0,76,20,8,30,23,38,15,8,3,0,145,11,11,22,20,22,11,25,15,0,124,11,9,15,18,8,12,16,6,3,90,11,14,13,12,8,7,9,0,0,85,13,22,28,12,14,14,4,3,3,120,15,30,52,16,16,29,9,0,0,173,7,40,65,65,65,39,15,0,0,302,3,28,79,66,64,47,11,0,0,300,0,31,118,82,78,61,5,0,0,380,3,38,152,116,86,58,9,0,0,457,4,57,430,321,269,144,19,4,4,1250,3,21,333,332,235,116,13,0,0,1053,56,77,303,236,221,144,38,15,8,1103,334,422,1680,1345,1162,745,204,58,19,5960,126,43,229,122,75,59,14,4,0,664,62,12,44,41,17,6,3,0,0,192,27,27,67,53,46,24,12,0,0,254,12,28,60,31,43,28,26,14,7,240
LGA57350,6,0,0,0,4,3,4,0,0,18,3,0,0,0,0,0,0,4,0,5,0,0,6,3,3,7,10,0,0,40,0,0,3,0,0,11,17,17,0,45,0,0,0,3,0,9,14,7,3,36,4,3,4,0,4,3,8,0,0,30,0,0,4,0,3,3,4,0,0,25,0,3,9,0,3,10,0,3,0,27,0,0,8,3,8,11,3,0,0,37,0,0,4,3,5,7,0,0,0,25,0,0,0,0,3,8,0,0,0,18,0,0,0,0,3,0,0,0,0,3,0,0,0,5,5,7,3,0,0,23,0,0,4,4,3,6,0,0,0,12,4,3,6,4,11,14,14,7,0,64,20,11,52,31,69,108,75,43,6,415,4,0,0,4,5,7,0,0,0,27,0,0,0,0,0,4,0,0,0,9,3,0,4,4,5,8,0,0,0,25,3,3,8,6,4,13,20,10,3,65
LGA57420,17,0,5,0,8,4,5,0,0,41,0,0,0,5,0,4,0,0,0,14,0,3,0,0,4,4,19,5,0,41,0,0,3,0,4,6,33,7,0,57,0,0,0,5,3,12,17,4,3,50,0,3,0,7,8,7,10,9,0,48,3,4,4,4,4,9,10,5,0,38,0,3,4,7,4,12,7,3,0,44,0,8,11,10,15,21,4,0,0,64,0,4,9,13,8,8,3,3,0,53,0,4,7,7,9,6,3,0,0,36,0,3,11,14,16,4,0,0,0,48,0,4,20,21,20,12,8,0,0,90,0,0,4,13,11,14,3,0,0,42,6,0,17,21,14,21,18,6,0,114,30,31,107,130,128,159,137,46,10,784,3,3,9,17,21,16,3,0,0,70,0,0,10,3,3,4,8,0,0,22,0,3,5,9,11,6,8,3,0,50,0,0,8,7,6,14,28,4,0,68
LGA57490,1946,420,308,214,296,362,181,68,11,3799,771,172,74,54,67,110,106,32,11,1401,320,324,340,233,235,321,383,203,40,2407,155,192,207,132,180,282,875,655,177,2870,195,221,183,149,179,265,596,396,133,2305,161,339,236,176,194,289,475,239,64,2175,102,460,396,251,274,272,309,170,52,2280,70,513,739,526,527,430,247,58,30,3135,35,489,1134,842,858,601,250,53,11,4279,18,301,909,850,749,516,137,23,10,3518,7,179,970,910,849,493,87,16,3,3522,3,105,739,809,849,472,71,8,0,3043,6,124,1283,1685,1622,794,77,15,6,5612,3,31,449,805,864,368,47,14,8,2590,413,499,981,769,796,533,460,297,140,4881,4190,4359,8944,8418,8554,6112,4297,2259,686,47817,1631,349,1329,1221,1040,1007,263,81,28,6934,994,207,479,432,276,293,163,47,21,2913,456,452,641,604,480,541,492,244,61,3971,204,346,577,581,495,639,1135,701,239,4899
LGA57630,0,0,0,4,0,3,0,0,0,5,0,0,0,0,0,0,0,0,0,3,0,0,0,0,0,0,0,0,0,0,0,0,0,0,0,0,3,0,0,4,0,0,0,0,0,0,3,0,0,3,0,0,0,0,0,3,3,0,0,5,0,0,0,0,0,3,0,0,0,4,0,0,0,0,0,0,0,0,0,0,0,0,0,0,0,0,0,0,0,3,0,0,0,0,0,0,0,0,0,5,0,0,0,0,0,0,0,0,0,0,0,0,0,0,0,0,0,0,0,0,0,0,0,0,0,0,0,0,0,0,0,0,0,0,0,0,0,0,0,0,0,0,0,3,3,5,3,0,0,10,0,0,0,8,7,15,17,3,0,55,0,0,0,0,0,0,0,0,0,0,0,0,0,0,0,0,0,0,0,0,0,0,0,0,0,4,0,0,0,8,0,0,0,0,0,0,0,0,0,3
LGA57700,375,63,77,61,69,80,56,17,3,792,138,16,11,15,26,29,36,8,0,272,61,55,42,42,44,54,72,27,3,406,34,29,30,25,25,47,163,98,25,476,55,38,37,28,30,39,106,49,12,394,51,54,58,36,57,44,61,41,8,415,27,99,97,67,59,70,68,25,9,518,20,129,217,111,134,102,51,12,0,774,5,116,332,244,223,153,58,6,5,1141,3,69,301,224,174,106,34,3,0,912,0,47,261,188,196,139,27,0,0,854,0,14,182,172,159,83,26,0,0,636,0,37,256,295,297,149,11,8,0,1044,4,17,85,133,181,79,22,9,0,522,76,68,252,246,220,137,78,36,19,1129,852,855,2231,1866,1906,1312,873,325,88,10299,355,97,315,262,227,238,64,17,7,1572,204,63,110,81,62,49,27,8,3,605,85,86,141,96,93,95,76,29,6,707,51,70,125,96,121,90,202,108,45,904
LGA57770,4,0,0,3,0,8,0,0,0,15,0,0,0,0,0,0,3,0,0,7,0,3,0,3,0,6,8,0,0,19,0,3,3,3,3,12,21,3,0,48,0,0,0,3,0,12,13,4,5,38,4,0,5,3,0,8,3,0,0,24,0,3,6,3,3,7,6,3,0,30,0,0,14,10,10,5,4,0,0,50,0,0,0,7,4,7,3,3,0,24,0,3,6,8,3,0,0,0,0,22,0,0,7,5,6,4,0,0,0,23,0,0,3,4,4,3,3,0,0,26,0,0,3,8,14,8,3,0,0,34,0,0,0,0,3,7,0,0,0,12,0,0,11,7,8,6,10,3,0,58,7,18,62,74,64,86,88,20,10,422,0,0,11,10,3,7,3,0,0,31,0,0,3,10,0,0,0,0,0,15,0,0,7,3,8,10,3,3,0,31,3,0,3,10,6,5,17,3,0,52
LGA57840,782,335,194,105,112,112,75,24,6,1754,266,153,38,30,24,31,26,15,3,592,140,249,134,62,64,57,84,54,15,857,41,139,109,41,51,85,174,102,57,804,33,121,129,60,59,68,154,111,65,798,30,148,166,57,64,84,166,87,24,821,16,119,155,76,61,91,138,61,24,753,17,115,305,118,89,126,154,50,16,991,3,148,424,198,153,212,140,41,22,1327,0,77,365,186,137,158,112,24,10,1067,5,42,368,199,172,155,90,18,11,1056,0,22,267,215,145,149,65,13,3,876,0,21,399,487,460,378,110,24,11,1886,3,14,240,627,699,472,140,27,12,2236,90,126,335,239,195,182,157,105,90,1516,1428,1830,3627,2693,2499,2365,1786,755,358,17343,527,295,390,331,246,306,119,48,21,2278,280,146,70,104,56,93,56,30,12,853,164,232,168,112,122,171,133,67,31,1200,54,162,132,123,105,162,209,155,70,1177
LGA57910,2578,781,867,478,458,534,360,158,44,6254,1198,487,202,148,148,212,179,88,32,2695,499,819,668,461,511,553,557,414,134,4608,208,549,625,350,427,553,1044,1143,346,5244,144,591,726,414,426,540,914,748,291,4792,146,593,838,469,444,474,811,481,161,4409,76,564,1255,659,579,548,618,386,120,4807,40,592,2010,1038,876,762,552,239,106,6216,19,528,2681,1412,1155,1008,603,202,79,7699,8,281,2002,1306,1025,815,355,95,31,5928,4,149,1768,1232,1030,748,247,60,18,5265,0,74,1224,1153,882,656,187,49,17,4230,0,81,2235,2491,1972,1233,306,61,22,8392,8,34,915,2281,2029,1166,284,61,24,6799,408,525,1796,1159,998,774,611,551,353,7174,5339,6656,19814,15050,12958,10573,7633,4732,1774,84532,2431,718,1892,1632,1034,1100,568,242,87,9714,1430,498,470,572,401,434,311,182,45,4335,607,879,977,845,701,882,779,500,223,6399,226,618,856,794,741,911,1562,1340,423,7480
LGA57980,216,251,111,38,31,44,32,9,5,745,136,87,41,16,14,14,12,16,3,340,63,136,89,20,16,39,33,26,9,428,15,69,72,22,28,27,68,49,17,366,16,63,70,29,21,50,80,49,13,380,10,65,134,44,22,23,65,47,8,412,8,36,72,38,25,32,68,29,14,316,0,36,114,40,28,45,56,37,16,383,0,36,174,84,40,53,74,38,5,502,0,27,135,65,44,47,57,17,4,397,0,10,161,87,58,79,51,16,4,476,0,7,124,92,62,57,23,13,0,383,0,11,202,238,202,147,62,21,3,881,0,3,151,354,358,258,86,22,8,1243,24,44,147,108,86,93,104,65,55,719,489,891,1798,1267,1041,1009,875,455,158,7983,234,213,199,211,98,83,67,17,14,1132,150,89,42,47,35,36,31,12,3,443,70,137,85,49,38,53,45,35,13,519,15,69,55,46,27,50,90,70,30,454
LGA58050,2308,481,418,277,310,393,237,67,22,4507,825,258,117,75,78,130,121,46,8,1653,373,466,439,277,289,345,370,204,42,2808,189,278,214,193,237,342,795,514,128,2886,205,293,260,206,243,309,521,302,75,2418,177,425,385,288,271,321,401,192,40,2503,97,489,647,439,425,372,284,111,36,2904,53,575,1172,827,847,629,237,68,23,4425,31,461,1646,1302,1128,827,243,57,10,5703,12,236,1208,1067,951,618,145,27,6,4265,3,135,1054,980,971,575,128,11,0,3857,0,75,685,762,719,410,65,7,6,2732,5,79,960,1328,1272,606,105,11,0,4359,3,27,273,594,590,310,76,11,5,1886,428,388,841,749,777,574,390,264,135,4540,4714,4670,10314,9361,9125,6766,4103,1887,530,51468,1849,461,1332,1166,909,937,336,101,28,7106,1028,304,419,384,293,263,143,43,9,2875,498,526,700,667,548,594,469,221,59,4278,195,390,592,627,570,586,1011,512,127,4609
LGA58190,7,0,0,0,0,0,0,0,0,5,0,0,0,0,0,0,0,0,0,0,0,0,0,5,0,0,0,0,0,5,0,0,0,3,4,3,4,3,0,18,0,0,0,0,3,4,3,0,0,11,0,0,0,0,0,0,3,0,0,7,0,0,0,0,3,3,0,0,0,13,0,0,3,3,3,3,0,0,0,15,0,0,7,0,3,3,0,0,0,10,0,0,0,4,3,0,0,0,0,11,0,0,0,3,0,4,0,0,0,13,0,3,0,3,0,0,0,0,0,4,0,0,0,3,5,3,0,0,0,8,0,0,0,0,5,0,0,0,0,6,0,3,3,4,7,9,9,0,0,30,11,11,19,26,36,32,20,14,0,160,0,0,0,0,0,3,0,0,0,9,0,0,0,0,0,0,0,0,0,4,0,0,0,4,0,0,3,0,0,16,0,0,3,3,0,0,6,3,0,15
LGA58260,7,0,0,3,3,3,3,0,3,17,0,0,0,0,0,0,3,0,0,6,0,0,0,0,3,3,4,0,0,12,0,0,0,0,3,8,4,0,0,20,0,0,3,0,3,3,9,3,3,20,0,0,0,4,0,0,7,0,0,14,0,0,0,0,0,0,3,0,0,10,5,3,3,3,8,3,4,0,0,23,0,0,7,6,5,3,0,0,0,23,0,3,3,3,0,6,3,0,0,15,0,0,4,3,3,0,0,0,0,17,0,0,3,5,3,0,0,0,0,10,0,0,3,0,5,3,0,0,0,17,0,0,3,0,0,5,0,0,0,5,0,3,5,7,3,0,6,5,0,19,12,11,36,29,35,42,46,7,4,225,0,0,9,6,7,9,0,0,0,30,0,0,0,0,3,3,0,0,0,11,0,4,3,3,3,5,0,0,0,20,0,0,3,0,0,3,9,0,0,19
LGA58330,53,5,7,5,18,29,23,4,4,146,14,8,0,3,3,14,11,0,0,54,10,14,9,9,18,23,37,15,0,128,3,0,0,6,6,36,75,31,4,164,7,9,3,8,13,17,70,22,3,156,11,3,4,10,16,28,47,18,6,142,0,9,8,8,17,19,28,14,0,99,3,10,12,7,24,27,17,5,0,104,3,12,14,23,31,40,21,9,0,144,0,8,10,21,32,26,16,3,0,123,0,3,12,24,35,22,9,0,0,113,0,0,15,12,20,21,12,0,0,85,0,3,16,40,51,38,8,0,0,149,0,0,5,11,28,27,8,4,0,84,17,6,16,24,43,48,41,22,0,227,120,86,133,210,358,423,416,142,16,1911,38,5,23,31,56,73,11,0,0,233,27,7,3,5,14,15,12,3,0,89,13,7,15,22,32,52,46,15,0,203,3,4,12,8,29,38,76,25,4,203
LGA58400,0,0,0,0,3,0,0,0,0,4,0,0,0,0,0,3,0,0,0,6,0,0,0,0,3,3,0,0,0,16,0,0,0,0,0,3,9,0,0,10,0,0,0,3,3,3,3,0,0,15,0,0,0,0,0,0,3,0,0,12,0,0,0,0,0,3,3,0,0,8,0,5,0,0,3,0,3,0,0,13,0,0,0,3,4,0,3,0,0,5,0,0,0,0,3,3,0,0,0,13,0,0,0,0,3,3,0,0,0,10,0,0,0,0,0,0,0,0,0,0,0,0,3,0,4,0,0,0,0,9,0,0,0,0,0,0,0,0,0,3,0,5,4,3,10,8,4,0,3,32,4,15,13,14,38,40,26,6,3,165,6,0,0,0,0,0,0,0,0,3,0,0,0,0,0,0,0,0,0,4,0,0,0,0,0,4,3,0,0,9,0,0,3,0,4,0,8,3,0,14
LGA58470,3,0,0,0,0,0,0,0,0,3,0,0,0,0,0,0,3,0,0,3,3,3,4,3,8,0,3,3,0,28,0,0,0,0,0,3,0,0,0,3,0,0,0,0,0,3,0,0,0,5,0,0,0,0,0,0,0,0,0,3,0,0,0,4,0,0,0,0,0,7,0,0,0,0,0,0,0,0,0,5,0,0,3,3,0,0,0,0,0,8,0,0,0,3,0,0,0,0,0,4,0,0,0,0,0,0,0,0,0,3,0,0,0,0,0,0,0,0,0,3,0,0,0,0,0,0,0,0,0,3,0,0,0,0,0,3,0,0,0,3,14,7,12,3,3,3,0,0,0,45,19,12,28,17,16,15,14,3,0,121,3,0,0,0,0,0,0,0,0,4,0,0,0,0,0,0,0,0,0,5,0,0,0,0,4,0,0,0,0,11,0,3,5,0,0,0,3,0,0,11
LGA58510,382,283,229,95,67,100,62,9,3,1225,141,92,53,24,28,45,22,14,0,416,81,212,158,76,66,78,71,45,21,808,40,156,139,56,77,87,143,133,52,887,27,107,166,86,72,86,158,101,48,843,34,152,243,89,62,86,112,63,34,870,11,146,250,110,80,90,59,30,16,804,15,153,402,177,142,99,78,15,13,1096,12,114,508,241,166,147,93,24,4,1305,0,74,386,200,153,120,37,4,3,975,0,35,323,223,152,125,19,11,4,894,0,16,243,228,130,80,21,3,0,723,0,23,427,478,315,206,46,0,0,1490,0,0,187,337,254,139,23,3,3,947,64,145,442,282,225,214,149,156,138,1806,808,1703,4149,2709,2005,1685,1093,606,337,15096,342,297,479,288,176,181,54,15,6,1843,177,80,106,94,56,53,36,16,6,625,105,191,190,119,102,94,88,59,28,981,50,134,164,94,98,110,179,156,60,1043
LGA58540,12,0,0,3,4,9,4,0,0,38,3,0,0,3,0,0,0,0,0,12,0,0,0,3,3,7,3,3,0,20,4,5,0,3,0,3,7,6,3,32,0,0,0,0,3,4,3,3,0,18,0,0,0,0,0,9,3,4,0,21,0,3,11,7,10,4,3,0,0,32,0,4,6,6,11,14,3,0,0,47,0,0,3,8,16,7,0,3,0,41,0,0,11,5,14,0,3,0,0,36,0,3,3,5,9,7,0,0,0,26,0,0,3,3,5,5,3,0,0,21,0,0,4,4,4,6,0,0,0,17,0,0,0,3,4,3,3,0,0,13,0,0,8,10,12,5,10,11,0,54,25,17,49,62,98,79,50,33,3,417,4,0,7,3,7,14,0,0,0,36,4,0,3,4,7,0,0,0,0,15,0,0,0,4,3,9,4,3,0,29,0,0,3,6,0,4,11,6,0,34
LGA58570,257,136,161,85,78,72,42,16,10,847,109,66,51,18,25,36,20,14,8,351,51,123,118,66,61,58,60,47,17,603,16,92,159,62,64,93,133,118,42,774,13,97,160,82,66,79,120,60,41,720,25,100,164,63,53,87,84,44,17,638,4,98,216,75,60,64,54,27,11,615,8,98,334,148,108,98,60,14,4,877,3,90,469,188,137,139,74,15,9,1115,3,46,443,204,141,112,48,4,4,989,0,35,399,213,195,105,33,14,0,990,0,11,296,195,142,88,29,3,0,767,0,16,615,513,409,249,53,9,4,1868,0,9,292,611,452,226,42,3,0,1638,47,114,472,263,219,159,124,71,47,1506,535,1129,4345,2782,2211,1664,970,456,214,14304,253,129,295,239,114,123,61,33,13,1254,175,81,72,88,59,51,23,14,10,568,76,133,139,119,98,116,78,74,31,860,18,122,149,94,91,130,146,136,90,978
LGA58610,17,3,3,0,4,4,0,0,0,37,3,0,0,0,3,4,3,4,0,20,6,3,0,9,3,10,9,8,0,55,0,4,0,3,7,10,27,16,10,78,3,3,3,3,5,9,36,20,5,84,5,3,10,5,4,6,13,3,0,53,0,0,8,11,10,3,8,4,0,48,0,6,5,8,5,18,8,3,0,51,0,6,16,10,19,23,16,0,0,90,0,0,14,9,7,13,3,0,0,44,0,0,3,4,9,5,3,0,0,35,0,0,6,8,4,6,3,0,0,23,0,0,3,10,7,9,0,0,0,31,0,0,0,4,0,9,0,0,0,17,3,3,5,5,10,24,16,7,3,85,41,38,71,88,126,145,149,65,23,744,12,4,9,4,5,17,0,0,0,56,11,0,7,3,3,3,3,0,0,32,5,7,7,10,14,12,13,6,3,72,0,0,9,4,10,21,30,10,0,91
LGA58680,5,0,0,0,0,0,0,0,0,10,0,0,0,0,0,0,0,0,0,0,0,0,0,0,3,3,4,0,0,9,0,0,0,0,0,0,8,3,3,18,0,0,0,0,0,0,3,0,0,6,0,0,0,0,0,3,5,0,0,8,0,3,6,0,0,3,0,0,0,13,0,0,0,0,5,0,3,0,0,16,0,0,3,3,3,0,0,0,0,11,0,0,3,3,3,3,0,0,0,17,0,0,0,3,5,3,0,0,0,8,0,0,0,3,0,3,0,0,0,5,0,0,3,3,6,0,3,3,0,20,0,0,3,0,3,3,0,0,0,7,0,0,0,7,7,4,8,3,0,26,6,10,19,25,47,37,29,11,3,193,0,0,6,7,6,9,0,0,0,30,0,0,3,3,3,0,0,0,0,7,0,0,0,3,0,4,0,3,0,14,4,0,0,0,0,3,0,4,0,15
LGA58760,3322,732,582,406,432,478,291,84,19,6344,1276,398,116,99,102,145,156,49,9,2351,540,636,510,385,375,482,477,242,54,3703,294,380,285,230,319,412,1036,699,167,3815,300,418,348,280,323,336,676,439,152,3267,265,639,498,382,422,377,571,300,64,3508,134,720,878,605,554,490,390,195,40,4016,82,763,1486,1089,1030,716,328,81,34,5607,37,627,2216,1730,1542,981,350,84,19,7582,11,303,1675,1482,1331,711,186,28,10,5739,4,193,1484,1605,1357,663,120,13,0,5442,4,72,976,1269,1030,511,85,10,3,3974,0,78,1588,2275,1868,744,113,20,0,6691,3,39,475,1084,996,379,84,19,5,3079,622,497,1092,1012,993,628,436,310,155,5748,6892,6484,14222,13928,12682,8052,5301,2569,726,70865,2758,656,1840,1770,1287,1295,429,134,33,10199,1667,404,565,582,423,303,196,102,22,4269,776,718,1037,984,753,771,673,301,73,6084,251,526,879,921,673,773,1373,767,179,6340
LGA58820,59,12,3,3,13,20,10,4,0,122,14,3,0,0,3,11,5,0,0,38,3,6,11,10,10,19,18,16,3,100,6,0,3,4,10,25,47,25,7,130,9,4,8,6,9,28,33,24,5,111,7,6,7,0,5,15,19,16,6,82,0,11,7,6,18,18,13,5,5,83,5,6,5,12,15,20,11,0,0,84,4,3,10,18,26,31,15,3,0,115,0,4,21,18,26,12,8,0,0,94,0,5,17,14,26,20,3,0,0,93,0,7,19,15,28,16,6,0,0,102,0,3,29,55,61,41,12,3,0,202,0,0,12,11,31,15,3,0,0,70,28,6,30,29,27,32,35,31,11,242,127,94,200,216,318,317,235,139,38,1684,37,8,27,25,35,49,15,6,3,207,14,4,12,14,12,11,9,4,0,88,9,10,15,24,42,32,14,12,3,166,5,7,17,12,24,29,56,20,0,188
LGA58890,3,0,3,0,4,3,0,0,0,12,0,0,0,0,0,3,3,0,0,9,0,0,0,3,0,3,4,3,0,23,0,0,0,3,3,7,8,0,3,28,0,0,0,3,3,9,6,0,3,27,3,0,0,5,3,9,4,0,4,27,0,3,3,4,8,3,4,3,0,26,0,3,3,3,8,4,5,0,0,27,0,0,7,8,8,9,3,0,0,38,0,0,4,0,4,8,0,0,0,19,0,0,3,3,8,3,3,0,0,21,0,0,0,3,7,3,0,4,0,16,0,0,0,0,3,4,3,0,0,16,0,0,0,3,3,0,0,0,0,9,0,0,3,0,3,11,5,0,0,30,15,16,39,40,64,77,54,21,13,337,5,0,0,0,7,6,0,0,0,21,3,0,0,3,0,3,5,0,0,15,0,0,4,4,6,10,3,6,0,32,0,0,7,0,7,6,7,3,0,41
LGA59030,0,0,0,0,0,0,0,0,0,3,0,0,0,0,0,0,0,0,0,0,0,0,0,3,0,0,0,0,0,6,0,0,0,0,0,3,3,3,0,10,0,0,0,0,0,3,3,0,0,5,0,0,0,3,0,0,3,3,0,6,0,0,0,0,3,3,0,0,0,10,0,0,0,0,0,3,0,0,0,4,0,0,3,3,0,5,0,3,0,16,0,3,0,0,0,0,0,0,0,3,0,3,0,3,0,3,0,0,0,11,0,0,4,0,8,0,0,0,0,9,0,3,9,11,3,4,0,0,0,30,0,0,0,6,3,0,0,0,0,10,3,0,3,7,6,8,3,0,0,29,3,14,21,33,31,31,14,9,0,156,0,0,3,4,0,8,0,0,0,14,0,0,0,0,0,0,0,0,0,0,0,0,3,0,0,0,0,0,0,3,0,0,0,0,0,0,0,0,0,3
LGA59100,4,0,0,0,0,0,0,0,0,7,0,0,0,0,0,0,3,0,0,6,0,0,0,3,3,3,0,0,0,16,0,0,3,4,5,9,10,4,0,31,0,0,0,0,4,6,4,3,0,21,0,0,4,0,8,9,8,0,0,26,0,3,3,7,0,8,4,0,0,24,0,4,10,8,9,3,3,0,0,31,0,0,5,0,7,9,3,0,0,34,0,0,3,5,4,0,3,0,0,21,0,0,7,0,3,9,0,0,0,18,0,0,3,0,3,3,0,0,0,9,0,0,5,3,3,3,0,0,0,13,0,0,0,0,4,0,0,0,0,4,0,0,0,10,7,8,7,3,3,41,10,10,44,41,62,61,53,12,7,305,4,0,3,0,3,0,0,0,0,18,4,0,8,3,0,5,0,0,0,20,0,0,3,3,8,3,0,3,0,25,0,0,4,4,6,3,15,5,0,39
LGA59170,5,0,0,0,0,3,0,0,0,14,0,0,0,0,0,0,0,0,0,3,0,0,0,0,0,0,3,0,0,9,0,0,0,0,0,4,5,5,3,21,0,0,0,0,3,3,6,3,0,22,0,4,8,0,0,4,6,0,0,28,0,3,9,7,5,4,4,3,0,35,4,0,7,0,8,13,4,3,0,34,0,6,15,3,9,15,4,0,0,52,0,0,8,12,10,6,3,0,0,36,0,0,3,3,3,11,3,0,0,24,0,0,10,13,6,6,0,0,0,28,0,0,8,6,3,7,3,0,0,28,0,0,0,0,0,5,0,0,0,10,3,3,9,3,7,8,9,3,0,48,13,26,75,52,59,84,52,26,6,405,8,0,3,3,3,10,4,0,0,27,0,0,5,3,0,3,0,0,0,19,0,0,6,3,3,11,3,3,0,31,0,0,3,3,3,8,11,6,0,36
LGA59250,5,0,0,3,0,0,0,0,0,9,6,0,0,0,3,0,3,0,0,15,6,0,5,10,4,6,0,3,0,36,0,0,3,3,3,0,6,0,0,16,0,0,0,3,0,0,0,0,0,8,0,0,0,0,3,0,3,0,0,3,0,0,0,3,0,0,0,0,0,4,0,0,6,0,4,0,0,0,0,16,0,0,4,0,0,0,3,0,0,18,0,0,8,7,4,0,3,0,0,28,0,12,13,5,7,3,0,0,0,35,0,0,12,8,4,0,0,0,0,34,0,3,32,24,20,13,0,0,0,90,0,0,7,15,11,6,4,0,0,41,3,10,38,25,17,10,4,0,0,112,26,33,142,101,80,46,25,3,0,466,3,3,0,4,0,0,0,0,0,12,0,3,0,3,0,0,0,0,0,10,0,4,13,11,11,5,0,3,0,38,0,0,3,4,0,7,3,0,0,15
LGA59310,8,4,0,0,3,7,4,0,0,27,3,3,0,0,3,0,4,0,0,12,4,0,0,7,9,4,4,0,0,36,3,0,0,5,0,7,16,3,5,39,0,0,0,3,3,14,10,6,0,43,4,0,3,0,6,3,6,0,0,26,0,6,4,5,3,6,9,3,0,39,0,9,7,8,4,13,0,3,0,51,0,5,20,11,13,14,3,0,0,61,0,0,12,17,8,10,3,0,0,52,0,3,12,7,4,11,3,0,0,36,0,0,6,7,8,12,0,0,0,38,0,0,11,14,10,4,5,3,0,38,0,0,0,0,4,0,0,0,0,16,0,0,3,8,9,9,3,3,0,47,30,39,86,92,98,111,86,28,10,570,4,0,3,6,9,11,0,0,4,36,0,0,11,5,4,6,4,0,0,30,3,3,6,9,5,13,9,3,0,43,0,0,13,11,8,6,12,0,3,55
LGA59320,0,0,0,0,0,0,0,0,0,0,0,0,0,0,0,0,0,0,0,0,0,0,3,0,0,3,3,0,0,9,0,0,3,0,0,7,3,0,0,16,0,0,0,0,0,5,4,0,0,16,3,0,0,0,0,3,0,0,0,11,0,0,0,0,0,3,0,0,0,10,0,3,4,3,0,4,3,0,0,21,0,0,0,3,3,7,0,0,0,13,0,0,4,5,4,0,0,0,0,15,0,0,4,3,5,3,0,0,0,11,0,0,0,3,9,0,0,0,0,15,0,0,0,0,3,3,0,0,0,7,0,0,0,0,0,3,0,0,0,10,0,0,0,3,5,4,0,3,0,16,3,8,16,28,35,48,17,10,0,172,3,0,0,3,4,3,0,0,0,12,0,0,0,0,0,0,0,0,0,3,0,3,0,0,4,0,3,0,0,16,0,0,6,3,0,3,3,0,0,16
LGA59330,4,0,0,0,0,4,0,0,0,6,0,0,0,0,3,0,0,0,0,4,0,0,5,0,0,6,3,3,0,17,3,0,3,0,3,3,13,4,0,27,0,3,0,7,3,3,11,3,0,31,0,3,0,0,0,4,4,3,0,14,0,0,0,0,0,3,0,0,0,7,0,3,0,3,5,3,6,0,0,20,0,0,3,0,5,7,0,0,0,18,0,0,0,3,6,0,3,0,0,17,0,0,6,0,0,0,0,0,0,7,0,0,3,5,0,0,0,0,0,9,0,0,0,0,0,3,0,0,0,10,0,0,0,0,0,3,0,0,0,4,0,0,4,0,5,7,13,9,0,41,9,8,28,17,44,48,44,24,5,228,3,0,3,0,0,0,0,0,0,12,0,0,0,0,0,3,0,0,0,3,0,0,3,0,0,8,3,0,0,11,0,0,0,4,3,8,9,8,0,30
LGA59340,61,20,13,19,11,16,10,0,0,160,25,6,4,5,4,7,9,0,0,62,21,35,52,38,37,38,8,9,0,241,11,12,19,21,26,23,29,11,3,154,8,6,16,10,18,22,28,3,0,103,14,10,16,11,14,14,18,4,0,95,16,25,24,22,25,25,17,0,0,149,3,45,58,40,34,41,6,3,0,227,3,33,62,41,38,41,10,0,0,236,0,5,56,43,41,40,6,0,0,200,0,19,46,38,43,26,5,0,0,180,0,0,34,34,44,22,5,3,0,146,0,10,52,61,53,40,13,0,0,236,0,0,21,26,34,30,6,0,0,121,39,48,91,73,78,62,31,13,3,428,196,279,559,480,506,440,202,48,5,2726,61,8,33,24,14,10,5,0,0,156,30,3,17,12,11,10,0,0,0,82,23,29,63,46,39,28,16,3,3,248,14,15,43,30,42,28,24,9,0,215
LGA59350,3,0,0,0,3,0,0,0,0,8,0,0,0,0,0,0,0,0,0,0,0,0,0,0,0,4,0,0,0,3,0,0,0,0,0,3,0,0,0,3,0,0,0,0,0,0,4,0,0,9,0,0,0,0,0,0,0,0,0,3,0,0,0,0,0,0,0,0,0,4,0,0,0,0,0,0,0,0,0,8,0,0,0,4,3,3,0,0,0,12,0,3,3,0,0,3,0,0,0,15,0,0,5,0,6,3,0,0,0,19,0,5,7,4,3,4,0,0,0,21,0,3,12,14,8,3,0,0,0,40,0,0,3,3,6,3,0,0,0,14,8,4,15,6,9,9,0,0,0,44,7,15,54,31,42,33,6,0,0,201,6,0,0,0,0,0,0,0,0,4,0,0,0,0,0,0,0,0,0,0,3,0,0,0,5,0,0,0,0,6,0,0,0,0,3,0,3,0,0,3
LGA59360,5,3,5,0,7,3,3,0,0,30,0,0,0,0,0,3,0,0,0,9,3,3,0,3,5,7,3,5,0,35,0,0,4,3,0,5,11,11,0,32,3,0,0,0,4,4,8,9,0,28,0,3,3,0,12,4,6,6,0,26,0,0,3,0,6,15,3,3,0,39,0,3,3,6,4,5,5,3,0,27,0,3,10,8,10,8,3,0,0,37,0,0,7,7,16,6,4,0,0,42,0,0,9,10,10,8,0,0,0,36,0,0,5,3,9,19,0,0,0,34,0,3,35,21,29,9,3,0,0,107,0,3,11,16,8,7,5,0,0,51,3,3,29,24,29,20,8,3,6,120,21,27,121,102,156,116,70,36,13,651,9,4,8,4,6,7,8,0,0,51,0,0,3,5,0,5,0,0,0,17,0,0,6,5,12,8,6,3,0,35,3,3,0,3,0,9,11,4,0,31
LGA59370,30,6,8,5,11,22,10,0,3,88,18,4,3,0,4,8,8,3,0,49,6,3,3,10,10,22,14,8,3,79,6,7,3,5,8,22,64,38,8,159,4,3,6,5,8,33,55,27,6,152,6,10,6,8,11,19,23,10,3,96,4,3,5,4,18,22,24,12,0,94,0,10,13,12,16,24,14,4,3,101,0,13,8,21,26,23,14,7,0,117,0,8,9,13,23,15,14,3,0,83,0,3,13,13,23,18,5,0,0,78,0,3,12,9,19,11,11,3,0,72,0,0,14,24,29,21,13,0,0,94,0,0,5,10,10,9,6,0,0,40,13,7,12,21,32,41,44,26,6,213,93,74,123,154,254,307,323,141,34,1500,17,3,9,17,23,38,16,3,0,124,20,0,11,10,11,22,8,4,0,79,4,4,13,11,26,33,19,7,0,118,8,6,10,14,16,41,64,24,4,193
LGA59499,34,39,69,49,47,45,17,6,0,293,13,15,12,14,27,17,10,0,0,104,15,45,88,109,125,74,38,0,0,503,7,13,35,52,56,66,63,19,0,313,0,19,26,23,39,37,70,12,3,225,0,21,26,16,13,25,43,3,0,153,0,19,53,16,21,27,23,0,0,162,0,9,51,35,34,28,14,3,0,184,0,11,55,38,24,19,11,3,0,160,0,3,39,25,24,19,3,0,0,112,0,8,32,29,23,15,5,0,0,106,0,3,35,20,19,16,3,0,0,91,0,8,62,52,48,28,14,0,0,204,0,3,38,35,33,19,3,0,0,130,15,43,149,95,114,96,59,14,0,590,84,254,773,606,638,540,375,58,12,3336,21,37,65,28,27,65,12,3,0,249,3,10,19,15,16,31,7,0,0,106,15,30,53,72,60,62,23,3,0,312,6,12,25,29,42,40,77,11,0,243
LGA59799,0,0,0,0,0,0,0,0,0,3,0,0,0,0,0,0,0,0,0,0,0,0,0,4,0,0,0,0,0,4,0,0,0,0,0,0,0,0,0,0,0,0,0,0,0,0,0,0,0,3,0,0,0,0,0,0,0,0,0,0,0,0,0,0,0,0,0,0,0,3,0,3,0,3,0,0,0,0,0,10,0,3,3,3,0,0,0,0,0,17,0,0,4,3,4,3,0,0,0,14,0,0,10,6,3,3,3,0,0,27,0,0,7,6,6,3,0,0,0,24,0,4,40,20,17,6,0,0,0,90,0,0,27,59,40,14,0,0,0,140,0,3,27,21,23,6,0,0,0,78,0,17,124,120,94,43,8,3,3,408,0,0,0,0,0,0,0,0,0,0,0,0,0,0,0,0,0,0,0,0,0,0,0,0,0,0,0,0,0,0,0,0,0,0,0,0,0,0,0,0
