LGA_CODE_2016,F_400_499_15_19_yrs,F_400_499_20_24_yrs,F_400_499_25_34_yrs,F_400_499_35_44_yrs,F_400_499_45_54_yrs,F_400_499_55_64_yrs,F_400_499_65_74_yrs,F_400_499_75_84_yrs,F_400_499_85ov,F_400_499_Tot,F_500_649_15_19_yrs,F_500_649_20_24_yrs,F_500_649_25_34_yrs,F_500_649_35_44_yrs,F_500_649_45_54_yrs,F_500_649_55_64_yrs,F_500_649_65_74_yrs,F_500_649_75_84_yrs,F_500_649_85ov,F_500_649_Tot,F_650_799_15_19_yrs,F_650_799_20_24_yrs,F_650_799_25_34_yrs,F_650_799_35_44_yrs,F_650_799_45_54_yrs,F_650_799_55_64_yrs,F_650_799_65_74_yrs,F_650_799_75_84_yrs,F_650_799_85ov,F_650_799_Tot,F_800_999_15_19_yrs,F_800_999_20_24_yrs,F_800_999_25_34_yrs,F_800_999_35_44_yrs,F_800_999_45_54_yrs,F_800_999_55_64_yrs,F_800_999_65_74_yrs,F_800_999_75_84_yrs,F_800_999_85ov,F_800_999_Tot,F_1000_1249_15_19_yrs,F_1000_1249_20_24_yrs,F_1000_1249_25_34_yrs,F_1000_1249_35_44_yrs,F_1000_1249_45_54_yrs,F_1000_1249_55_64_yrs,F_1000_1249_65_74_yrs,F_1000_1249_75_84_yrs,F_1000_1249_85ov,F_1000_1249_Tot,F_1250_1499_15_19_yrs,F_1250_1499_20_24_yrs,F_1250_1499_25_34_yrs,F_1250_1499_35_44_yrs,F_1250_1499_45_54_yrs,F_1250_1499_55_64_yrs,F_1250_1499_65_74_yrs,F_1250_1499_75_84_yrs,F_1250_1499_85ov,F_1250_1499_Tot,F_1500_1749_15_19_yrs,F_1500_1749_20_24_yrs,F_1500_1749_25_34_yrs,F_1500_1749_35_44_yrs,F_1500_1749_45_54_yrs,F_1500_1749_55_64_yrs,F_1500_1749_65_74_yrs,F_1500_1749_75_84_yrs,F_1500_1749_85ov,F_1500_1749_Tot,F_1750_1999_15_19_yrs,F_1750_1999_20_24_yrs,F_1750_1999_25_34_yrs,F_1750_1999_35_44_yrs,F_1750_1999_45_54_yrs,F_1750_1999_55_64_yrs,F_1750_1999_65_74_yrs,F_1750_1999_75_84_yrs,F_1750_1999_85ov,F_1750_1999_Tot,F_2000_2999_15_19_yrs,F_2000_2999_20_24_yrs,F_2000_2999_25_34_yrs,F_2000_2999_35_44_yrs,F_2000_2999_45_54_yrs,F_2000_2999_55_64_yrs,F_2000_2999_65_74_yrs,F_2000_2999_75_84_yrs,F_2000_2999_85ov,F_2000_2999_Tot,F_3000_more_15_19_yrs,F_3000_more_20_24_yrs,F_3000_more_25_34_yrs,F_3000_more_35_44_yrs,F_3000_more_45_54_yrs,F_3000_more_55_64_yrs,F_3000_more_65_74_yrs,F_3000_more_75_84_yrs,F_3000_more_85ov,F_3000_more_Tot,F_PI_NS_15_19_yrs,F_PI_NS_ns_20_24_yrs,F_PI_NS_ns_25_34_yrs,F_PI_NS_ns_35_44_yrs,F_PI_NS_ns_45_54_yrs,F_PI_NS_ns_55_64_yrs,F_PI_NS_ns_65_74_yrs,F_PI_NS_ns_75_84_yrs,F_PI_NS_ns_85_yrs_ovr,F_PI_NS_ns_Tot,F_Tot_15_19_yrs,F_Tot_20_24_yrs,F_Tot_25_34_yrs,F_Tot_35_44_yrs,F_Tot_45_54_yrs,F_Tot_55_64_yrs,F_Tot_65_74_yrs,F_Tot_75_84_yrs,F_Tot_85ov,F_Tot_Tot,P_Neg_Nil_income_15_19_yrs,P_Neg_Nil_income_20_24_yrs,P_Neg_Nil_income_25_34_yrs,P_Neg_Nil_income_35_44_yrs,P_Neg_Nil_income_45_54_yrs,P_Neg_Nil_income_55_64_yrs,P_Neg_Nil_income_65_74_yrs,P_Neg_Nil_income_75_84_yrs,P_Negtve_Nil_incme_85_yrs_ovr,P_Neg_Nil_income_Tot,P_1_149_15_19_yrs,P_1_149_20_24_yrs,P_1_149_25_34_yrs,P_1_149_35_44_yrs,P_1_149_45_54_yrs,P_1_149_55_64_yrs,P_1_149_65_74_yrs,P_1_149_75_84_yrs,P_1_149_85ov,P_1_149_Tot,P_150_299_15_19_yrs,P_150_299_20_24_yrs,P_150_299_25_34_yrs,P_150_299_35_44_yrs,P_150_299_45_54_yrs,P_150_299_55_64_yrs,P_150_299_65_74_yrs,P_150_299_75_84_yrs,P_150_299_85ov,P_150_299_Tot,P_300_399_15_19_yrs,P_300_399_20_24_yrs,P_300_399_25_34_yrs,P_300_399_35_44_yrs,P_300_399_45_54_yrs,P_300_399_55_64_yrs,P_300_399_65_74_yrs,P_300_399_75_84_yrs,P_300_399_85ov,P_300_399_Tot,P_400_499_15_19_yrs,P_400_499_20_24_yrs,P_400_499_25_34_yrs,P_400_499_35_44_yrs,P_400_499_45_54_yrs,P_400_499_55_64_yrs,P_400_499_65_74_yrs,P_400_499_75_84_yrs,P_400_499_85ov,P_400_499_Tot,P_500_649_15_19_yrs,P_500_649_20_24_yrs,P_500_649_25_34_yrs,P_500_649_35_44_yrs,P_500_649_45_54_yrs,P_500_649_55_64_yrs,P_500_649_65_74_yrs,P_500_649_75_84_yrs,P_500_649_85ov,P_500_649_Tot,P_650_799_15_19_yrs,P_650_799_20_24_yrs,P_650_799_25_34_yrs,P_650_799_35_44_yrs,P_650_799_45_54_yrs,P_650_799_55_64_yrs,P_650_799_65_74_yrs,P_650_799_75_84_yrs,P_650_799_85ov,P_650_799_Tot,P_800_999_15_19_yrs,P_800_999_20_24_yrs,P_800_999_25_34_yrs,P_800_999_35_44_yrs,P_800_999_45_54_yrs,P_800_999_55_64_yrs,P_800_999_65_74_yrs,P_800_999_75_84_yrs,P_800_999_85ov,P_800_999_Tot
LGA50080,84,84,136,195,210,243,416,298,131,1791,54,117,223,246,276,268,228,128,61,1609,25,129,236,236,268,268,156,72,31,1431,12,99,207,227,283,220,101,43,19,1206,3,52,164,194,269,205,59,37,10,981,3,25,101,131,150,118,32,9,0,571,0,6,77,97,133,101,26,12,3,439,0,5,51,64,90,87,9,3,0,306,0,0,32,62,108,70,24,12,3,317,0,3,13,38,42,36,13,3,3,144,108,58,118,136,178,202,226,218,182,1427,1156,806,1917,2160,2570,2669,2139,1259,611,15282,882,92,195,181,197,347,138,58,16,2103,516,69,123,105,117,180,105,32,14,1273,193,146,259,221,251,392,348,197,52,2064,142,134,216,218,276,401,920,552,214,3079,170,134,195,249,335,390,700,468,195,2844,120,230,323,316,402,434,440,257,95,2619,70,252,387,359,403,434,324,157,70,2468,27,245,451,441,505,459,229,71,32,2470
LGA50210,81,234,449,366,319,342,554,336,146,2827,78,292,604,552,420,367,301,120,46,2773,35,336,613,465,467,349,154,60,19,2514,17,315,690,526,530,373,104,22,14,2599,5,193,763,472,497,369,83,21,4,2403,0,81,548,347,330,191,40,3,0,1536,0,28,379,330,263,131,22,6,0,1167,0,11,191,167,176,117,18,0,0,686,0,5,147,185,193,108,24,0,0,665,0,5,30,75,51,28,14,10,3,218,200,181,429,358,324,330,292,214,164,2501,2331,2606,7029,5550,4872,4263,2823,1342,542,31365,2040,552,1264,927,672,916,308,80,25,6790,987,284,371,286,212,266,176,52,11,2652,534,578,745,557,511,611,507,222,57,4315,196,346,557,504,455,540,1161,686,169,4608,178,384,616,517,462,505,919,532,226,4333,182,521,836,727,591,515,615,253,69,4304,96,665,1013,737,690,540,393,161,34,4327,55,626,1457,1039,917,719,295,71,26,5214
LGA50250,0,10,31,21,17,10,9,0,0,99,0,15,25,40,9,14,0,3,0,102,0,12,28,40,17,10,0,0,0,116,3,11,38,33,19,16,0,0,0,130,4,27,61,58,50,20,0,0,0,223,0,14,51,39,34,24,0,0,0,166,0,11,61,39,27,28,3,0,0,166,0,12,53,29,35,26,0,0,0,162,0,15,135,94,85,51,6,0,0,398,0,6,56,50,36,19,0,0,0,170,17,35,129,71,92,48,11,0,0,408,100,212,908,658,491,339,60,19,3,2786,121,27,147,93,43,38,9,0,0,485,28,12,30,27,13,14,3,0,0,120,14,13,54,48,33,19,9,9,0,195,3,5,31,16,18,19,9,7,7,122,9,11,42,25,19,22,13,4,0,135,6,14,31,42,17,17,0,4,0,134,10,20,39,48,23,21,4,0,0,167,7,22,75,55,40,25,3,0,0,227
LGA50280,11,27,89,91,82,111,100,65,43,607,19,42,104,154,111,91,76,30,13,638,3,28,111,113,95,86,59,22,10,523,3,20,92,102,109,75,31,15,11,463,0,12,91,99,89,75,29,6,4,414,0,7,47,54,52,48,15,0,4,222,0,4,27,46,42,30,12,0,0,161,0,0,18,24,34,27,3,0,0,110,0,0,13,25,36,21,11,5,0,109,0,0,5,11,15,21,9,0,0,66,54,18,78,91,75,80,51,47,26,528,332,221,942,1176,958,984,600,304,135,5659,211,22,111,132,82,134,44,16,3,754,202,17,44,69,32,54,22,19,5,467,50,41,106,130,99,137,118,51,12,738,32,28,100,139,102,172,198,122,31,935,40,45,113,117,124,176,181,101,59,954,38,59,157,211,165,168,148,72,20,1036,10,72,182,190,175,156,125,48,18,973,5,46,219,203,219,165,91,31,20,989
LGA50350,11,35,67,45,69,82,130,99,63,593,14,46,82,93,88,88,84,39,25,564,11,43,97,97,85,71,41,26,13,487,0,41,124,111,100,79,28,12,9,496,0,25,137,87,93,72,15,3,5,444,0,16,100,95,86,55,14,0,0,373,0,7,98,88,81,50,4,0,0,332,0,4,52,59,46,33,5,0,0,204,0,3,58,87,91,41,6,3,0,286,0,0,9,27,17,10,4,0,0,68,40,32,65,63,66,68,66,73,84,554,403,380,1165,1140,1034,936,691,418,237,6404,377,80,137,150,115,131,72,39,7,1110,189,57,50,53,44,68,37,13,0,515,80,105,126,100,94,140,113,64,24,847,33,72,97,95,88,114,250,190,51,984,31,61,95,69,113,116,208,161,82,938,28,76,140,108,120,131,143,71,28,862,18,85,169,135,144,112,87,46,9,800,11,81,229,195,182,152,69,25,9,951
LGA50420,64,184,296,249,242,254,495,475,226,2492,41,201,432,363,330,303,309,149,80,2205,20,228,456,378,368,284,181,86,33,2026,8,221,641,403,356,296,124,42,17,2109,3,159,709,412,417,342,80,27,16,2165,0,92,537,339,311,218,54,8,0,1553,0,30,473,320,273,185,37,4,0,1326,0,14,273,234,191,126,27,0,0,866,0,5,290,379,290,159,29,7,0,1165,0,0,65,123,92,51,14,6,3,357,107,145,438,290,288,268,267,289,333,2430,1523,2054,6048,4740,4031,3718,2752,1746,943,27558,1435,495,961,710,486,656,315,121,41,5224,709,265,232,225,161,235,160,54,22,2067,333,468,546,408,383,517,526,270,96,3538,121,365,446,355,357,513,987,818,261,4226,111,358,501,384,369,426,854,718,307,4029,90,420,713,531,508,492,590,276,126,3749,41,439,859,611,587,510,408,200,55,3707,29,430,1245,785,706,583,309,86,34,4215
LGA50490,30,107,199,135,136,145,253,307,170,1475,48,158,294,218,144,172,135,74,40,1284,14,185,324,223,165,137,79,42,21,1180,12,144,405,251,214,157,53,24,14,1277,0,124,476,226,229,182,37,9,10,1291,0,62,321,185,146,105,19,3,0,837,0,22,272,162,142,92,18,7,3,714,0,8,159,115,78,50,10,0,0,422,0,7,143,162,116,85,16,0,0,517,0,0,28,42,36,12,5,4,5,134,111,207,474,276,229,206,208,199,142,2051,844,1564,4098,2754,2132,2016,1408,1043,522,16386,725,408,704,478,278,356,162,47,15,3178,345,153,146,136,84,128,84,35,4,1120,166,293,332,298,247,290,231,173,51,2067,77,241,336,185,210,315,528,447,136,2484,62,232,350,207,217,252,468,447,227,2467,77,308,510,329,224,252,253,136,68,2156,33,365,638,355,265,257,183,79,44,2221,33,331,938,538,434,350,125,46,21,2824
LGA50560,0,0,8,9,7,12,30,14,6,80,0,3,0,14,10,7,7,3,0,51,0,0,9,7,12,12,13,3,0,61,0,0,6,7,6,13,3,0,0,40,0,0,4,4,4,15,10,0,0,41,0,0,3,6,6,0,3,0,0,22,0,0,3,3,3,5,0,0,0,16,0,0,0,5,3,3,0,0,3,12,0,0,0,0,10,8,0,0,0,12,0,0,0,4,0,3,0,0,0,9,6,3,10,13,17,12,16,11,5,93,23,18,67,96,125,159,140,69,21,718,21,9,4,9,15,30,14,5,0,103,9,0,3,0,4,11,7,3,0,47,5,6,8,12,18,29,25,10,0,121,5,8,13,11,23,37,75,36,4,208,0,3,10,7,15,13,49,34,12,146,0,3,3,15,22,25,15,11,7,103,0,11,19,5,20,18,27,10,3,119,0,0,22,16,17,28,6,5,0,99
LGA50630,0,3,13,9,8,14,7,10,5,64,0,5,8,11,13,3,7,0,0,55,0,7,3,8,14,12,8,0,0,47,0,4,6,8,4,0,3,3,0,37,0,3,8,9,11,5,0,0,0,30,0,0,11,8,22,7,3,0,0,46,0,0,4,4,12,3,3,0,0,24,0,0,5,10,14,6,0,0,0,30,0,0,9,11,3,3,0,0,0,19,0,0,0,5,0,0,0,0,0,5,0,3,9,6,17,5,15,8,3,67,33,32,102,136,155,110,73,34,5,677,38,3,23,28,22,36,12,0,0,162,3,3,3,16,9,3,9,0,0,42,9,3,16,17,10,16,9,5,0,82,0,3,5,6,12,23,22,20,0,93,3,3,11,10,11,18,25,12,5,99,3,13,11,16,9,6,19,3,0,79,5,8,3,6,10,15,13,6,0,83,3,8,13,14,8,9,11,3,0,65
LGA50770,0,0,0,4,10,6,19,7,3,73,0,3,10,15,7,11,13,3,3,68,3,3,8,8,9,9,7,3,0,53,0,0,5,5,8,11,5,0,0,41,0,0,8,12,6,11,4,0,0,38,0,0,0,6,0,9,7,3,0,25,0,0,0,6,6,3,6,0,0,24,0,0,0,3,4,0,0,0,0,12,0,0,0,6,5,0,4,0,0,17,0,0,0,0,7,0,0,0,0,8,4,0,3,3,12,19,18,7,9,77,29,21,73,103,124,129,130,52,25,682,36,7,12,13,13,26,12,5,3,123,5,0,7,0,13,4,8,3,0,49,6,3,15,18,17,31,13,9,4,117,3,0,3,10,20,23,46,24,4,126,0,0,5,12,15,17,40,24,6,116,0,7,15,19,17,21,23,11,3,123,3,3,11,23,18,25,17,12,0,110,4,3,11,17,18,27,14,3,0,93
LGA50840,4,7,11,23,30,27,77,30,23,233,3,8,18,29,38,41,35,13,8,185,4,9,10,31,38,41,31,12,3,171,0,5,8,33,31,23,7,12,7,120,0,0,12,19,27,32,14,0,0,104,0,0,10,13,19,10,3,0,0,60,0,0,3,10,8,20,3,0,0,37,0,0,3,8,17,10,0,0,0,37,0,0,0,5,9,12,5,0,0,32,0,0,0,0,3,3,0,0,0,9,15,6,16,14,43,34,23,23,5,186,120,65,152,287,366,436,352,137,53,1976,95,13,17,28,35,84,31,6,3,307,45,7,13,21,24,42,19,9,0,185,14,14,28,39,45,86,77,24,3,331,19,8,26,43,45,76,182,75,15,488,25,12,14,28,47,50,128,58,27,389,11,15,20,32,44,71,76,30,8,308,11,23,22,40,61,75,62,20,6,313,3,13,20,50,62,47,27,17,4,247
LGA50910,0,3,3,9,6,7,11,6,0,39,0,3,6,8,7,3,9,0,0,38,0,3,6,3,7,5,7,3,5,39,0,4,0,5,9,8,3,3,0,27,0,0,4,4,0,0,3,0,0,14,0,3,0,0,6,0,0,0,0,20,0,0,0,4,3,3,3,0,0,16,0,0,0,0,4,0,0,0,0,9,0,0,0,3,4,0,0,0,0,7,0,0,0,3,0,0,0,4,0,11,3,5,3,8,11,10,7,12,16,65,18,19,33,51,77,58,72,41,18,404,15,0,3,5,4,5,11,3,0,48,3,0,4,3,3,3,4,0,3,25,8,6,10,9,13,10,7,5,0,61,0,5,3,8,3,12,23,19,0,75,0,3,3,10,6,14,15,4,0,64,0,5,8,8,14,4,14,0,3,61,5,6,7,11,15,8,12,4,3,68,4,4,4,6,15,9,9,9,0,67
LGA50980,11,30,81,63,50,42,40,13,8,343,22,44,103,99,64,55,28,9,0,425,11,50,134,109,82,75,21,5,4,477,9,72,162,123,106,65,20,3,0,548,0,52,207,138,111,88,18,3,0,614,0,8,126,98,94,61,8,0,0,396,0,6,96,91,86,54,14,0,0,346,0,12,71,80,68,57,0,0,0,287,0,0,68,89,92,62,6,0,0,315,3,0,19,27,25,26,6,3,0,112,79,62,219,194,153,125,50,29,9,921,383,463,1524,1352,1101,899,336,103,34,6190,325,70,109,82,76,83,51,11,3,804,136,16,40,49,19,22,19,4,0,306,82,116,194,139,127,137,62,23,3,892,36,41,94,115,96,114,117,44,5,671,27,58,109,101,84,87,85,28,12,596,36,70,149,135,93,107,67,18,0,680,28,98,193,157,121,120,39,11,4,766,14,112,277,201,181,127,49,8,0,964
LGA51080,0,0,7,5,9,9,7,8,3,45,3,7,3,6,4,9,6,0,0,42,0,0,7,3,11,8,0,0,0,30,0,3,5,3,10,6,7,0,0,30,0,3,3,3,6,8,0,0,0,20,0,3,3,5,11,4,0,0,0,19,0,0,0,4,3,0,4,0,0,11,0,0,5,4,0,4,0,0,0,11,0,0,4,3,5,3,0,0,0,13,0,0,0,4,0,3,3,0,0,7,3,4,10,10,8,11,7,3,0,61,17,22,73,65,85,73,45,25,10,419,19,0,10,3,3,4,3,0,0,45,6,3,0,3,3,5,0,0,0,20,4,8,12,14,11,11,3,10,0,66,0,3,10,9,15,15,24,18,5,92,3,4,8,7,8,13,8,12,3,75,3,7,7,11,7,16,12,12,0,67,3,0,19,11,23,13,5,0,0,74,0,9,10,15,17,9,9,0,0,72
LGA51120,0,0,3,0,3,3,17,5,6,38,0,4,3,5,3,7,5,3,0,27,0,0,0,6,0,3,3,3,0,17,0,4,6,4,3,5,5,5,0,27,0,0,3,3,4,0,3,0,0,15,0,0,3,3,3,0,4,0,0,12,0,0,4,3,0,0,0,0,0,12,0,0,3,5,4,3,0,0,0,17,0,0,4,0,4,0,0,0,0,9,0,0,0,0,4,3,3,0,0,13,6,3,5,3,5,3,13,9,0,38,14,17,52,49,52,62,68,36,7,358,7,3,3,5,3,12,11,0,0,45,3,3,3,7,5,3,0,0,0,23,0,3,7,9,6,16,11,0,3,62,3,0,4,9,3,13,26,8,0,62,0,0,10,5,3,12,26,9,10,77,4,5,3,5,6,4,11,6,0,47,3,6,3,6,8,10,6,7,0,50,0,5,15,10,12,6,10,9,0,62
LGA51190,44,83,162,162,150,198,334,267,159,1558,37,143,237,203,236,206,178,97,79,1413,14,161,246,190,228,198,118,61,42,1255,9,97,226,168,205,216,69,30,15,1038,3,52,210,165,198,155,45,28,18,870,0,30,108,100,136,112,30,5,0,524,3,9,89,76,118,97,20,6,5,416,0,4,40,57,68,68,9,9,3,265,0,0,46,58,99,71,13,3,3,285,0,4,16,30,27,28,15,0,3,127,90,82,166,156,171,181,194,138,77,1257,838,906,2099,1983,2185,2266,1693,1024,576,13564,659,127,265,228,210,313,119,42,47,2019,400,58,87,116,93,113,81,25,13,989,171,162,271,235,230,333,278,144,38,1860,75,118,207,236,244,323,699,517,191,2604,87,154,219,216,241,310,543,401,207,2372,91,233,318,284,315,306,343,170,112,2174,39,299,399,286,320,299,229,112,65,2059,21,224,471,353,359,392,169,66,31,2085
LGA51260,54,70,131,210,187,231,359,241,114,1603,51,115,214,278,293,244,250,137,59,1638,23,123,232,286,284,232,189,68,17,1451,9,78,214,239,281,214,91,49,12,1188,3,47,195,244,261,164,64,42,10,1023,3,26,84,156,138,101,25,8,0,547,0,3,62,118,105,102,26,14,0,439,0,0,44,64,86,40,12,4,4,269,0,0,32,75,95,54,16,5,4,282,0,6,15,31,51,30,20,9,6,167,107,69,146,169,177,211,227,211,185,1498,1021,741,1965,2607,2538,2489,2147,1136,514,15161,774,92,253,255,227,392,164,46,24,2218,541,53,113,146,85,134,85,30,12,1201,161,128,204,256,208,361,360,143,40,1871,97,97,190,243,256,368,879,442,135,2700,125,110,200,258,263,370,620,397,160,2502,121,210,310,361,403,390,469,260,98,2615,44,241,358,395,425,415,401,153,36,2466,18,175,451,451,510,435,254,110,21,2420
LGA51310,19,58,56,96,79,79,126,172,119,796,7,60,82,96,115,90,123,83,51,705,8,56,72,100,98,96,98,57,43,617,3,60,113,109,159,142,72,46,36,731,0,57,188,140,156,158,78,41,24,843,0,51,145,110,157,113,45,33,5,648,0,11,123,138,185,113,45,18,6,640,0,3,104,106,140,88,31,8,9,483,0,0,134,225,243,173,44,25,6,853,0,0,55,223,273,103,34,20,11,725,55,42,113,111,98,93,78,117,108,825,844,733,1440,1923,2078,1574,1034,858,534,11017,816,143,187,297,229,188,87,55,14,2020,502,202,56,76,82,66,59,28,20,1105,164,233,92,88,86,112,117,90,55,1025,42,136,100,87,90,98,139,172,99,950,32,130,98,117,99,111,196,233,164,1180,24,118,122,128,141,133,200,151,76,1094,15,91,128,124,128,145,170,100,63,968,4,120,232,155,217,214,159,96,52,1260
LGA51330,70,308,426,370,344,320,617,505,249,3205,62,291,504,478,453,409,410,188,103,2893,30,302,580,488,453,390,244,117,54,2660,14,267,680,482,580,412,192,74,70,2784,3,171,752,515,588,490,132,35,25,2715,0,116,561,422,395,331,74,13,0,1907,0,19,404,369,375,233,46,10,3,1456,0,10,224,255,261,182,28,3,4,961,0,14,213,288,333,204,26,5,5,1094,0,4,42,109,100,56,16,4,0,334,145,265,457,304,266,245,226,242,228,2379,2934,3794,7159,6087,5690,5082,3486,1948,1006,37189,3255,1802,1864,1276,977,1103,496,163,39,10979,1265,707,362,361,257,351,246,87,23,3658,662,1061,849,599,518,686,656,331,109,5469,231,777,739,450,456,539,1209,801,299,5504,176,652,803,554,516,487,1008,761,350,5313,155,649,960,719,662,627,726,329,156,4977,85,645,1167,841,717,649,507,250,92,4942,40,593,1559,968,999,769,438,159,91,5610
LGA51400,25,35,74,117,93,73,113,60,13,603,33,32,113,115,120,90,72,21,6,606,9,61,102,140,138,84,42,11,0,587,12,46,96,116,155,75,16,12,0,537,0,31,72,121,151,81,12,3,3,474,0,11,45,89,96,44,5,0,0,288,0,6,60,55,65,34,7,0,0,219,0,3,33,59,64,29,3,0,0,192,0,0,24,49,80,36,3,0,0,193,0,0,5,24,26,14,4,0,0,74,59,24,75,79,94,68,54,31,11,500,715,389,1014,1300,1391,958,620,235,60,6682,634,57,157,167,139,171,61,18,5,1403,335,38,41,71,56,63,32,10,3,652,93,59,112,100,84,133,123,46,9,753,60,54,83,84,119,126,309,112,19,973,66,60,85,135,111,106,220,83,22,893,62,66,138,143,142,141,141,42,19,892,23,119,146,169,187,138,98,25,4,916,18,103,179,189,255,160,60,19,4,988
LGA51470,0,0,4,3,3,7,7,4,0,26,0,0,4,0,7,4,4,0,0,17,3,3,3,4,5,0,0,0,0,19,0,3,0,0,4,3,0,0,0,11,0,0,3,3,5,3,3,0,0,18,0,0,3,4,3,3,0,0,0,9,0,0,0,0,0,0,0,0,0,4,0,0,4,0,3,0,0,0,0,6,0,0,0,4,0,0,0,0,0,10,0,0,0,0,0,0,0,0,0,3,6,0,0,0,7,4,4,5,0,28,8,16,32,32,43,46,26,15,5,212,4,0,6,3,6,8,5,0,0,36,0,0,3,3,3,3,0,0,0,10,0,0,5,3,3,13,3,0,0,29,0,0,0,0,4,7,11,0,3,33,0,0,3,5,3,6,17,6,0,45,0,3,7,3,4,8,4,0,0,28,3,4,5,7,5,6,5,4,0,38,0,6,4,0,12,11,0,0,0,38
LGA51540,10,15,30,18,24,16,26,22,8,163,8,19,38,40,24,25,22,8,7,178,3,32,32,29,34,24,12,4,5,174,3,17,34,44,44,37,11,4,0,200,3,15,38,27,31,30,7,0,0,155,0,6,22,22,35,21,6,0,0,102,0,3,21,11,24,6,3,0,0,75,0,0,10,10,17,14,0,0,0,52,0,0,16,14,10,12,3,0,0,53,0,0,3,3,11,3,3,0,0,19,25,21,68,73,77,54,43,18,12,398,132,164,395,363,412,316,220,94,35,2125,75,18,38,33,42,59,39,6,5,313,48,4,10,8,5,18,13,8,3,123,22,26,46,58,56,39,21,15,0,293,10,18,40,25,33,55,93,44,4,312,14,15,44,23,31,44,65,43,9,300,14,30,63,55,46,54,42,20,7,329,13,47,64,64,59,51,32,14,5,349,4,34,72,84,91,78,24,4,0,393
LGA51610,3,3,0,4,7,9,10,4,0,41,0,0,3,12,12,6,8,0,0,44,3,0,3,7,16,6,4,0,0,40,0,3,3,9,9,11,0,0,0,36,0,3,4,4,17,7,4,3,0,36,0,4,0,8,3,3,0,0,0,23,0,0,0,8,10,10,3,0,0,25,0,0,0,8,3,0,0,0,0,11,0,0,0,3,7,3,0,0,0,12,0,0,0,0,0,0,0,0,0,7,0,0,6,15,22,14,6,3,0,73,40,18,56,104,134,96,71,22,3,537,26,0,10,9,17,13,13,0,0,94,19,0,3,4,9,3,9,0,0,48,0,5,10,12,8,10,17,7,3,66,8,0,7,5,9,13,21,15,0,75,5,3,3,5,11,9,17,16,3,71,3,0,3,12,15,12,11,3,3,70,4,5,4,12,16,22,9,3,0,79,0,10,9,8,13,22,6,0,0,69
LGA51680,12,10,22,26,32,24,45,18,4,197,4,14,22,23,40,28,26,7,0,174,3,10,22,20,36,29,18,8,0,148,3,15,26,23,49,24,6,3,0,142,0,12,27,39,56,37,8,0,0,168,0,3,13,14,32,17,7,0,0,80,0,0,4,21,21,12,0,0,0,59,0,0,0,9,9,14,0,3,0,39,0,0,7,14,20,7,3,0,0,57,0,0,0,11,13,6,3,0,0,31,24,14,21,36,46,32,31,14,3,227,180,112,263,355,477,378,269,111,25,2173,204,28,46,58,81,94,28,6,0,540,56,13,19,27,17,35,20,13,4,191,32,9,28,33,21,46,51,29,4,260,12,16,27,28,40,59,143,60,5,384,15,19,24,35,46,43,85,44,9,319,14,27,31,35,58,51,54,22,4,287,13,31,39,34,44,57,42,11,0,265,5,33,40,54,89,64,19,9,0,311
LGA51750,3,17,29,28,25,26,51,57,36,283,4,26,20,34,33,31,54,51,31,295,0,16,27,22,43,32,43,41,12,246,0,19,46,33,52,48,49,30,20,304,0,14,52,30,47,57,45,26,24,292,0,16,66,32,55,37,33,14,15,268,0,9,54,31,56,56,17,20,11,253,0,0,41,38,35,28,21,7,14,180,0,0,63,55,80,66,34,29,14,339,0,0,26,60,104,59,46,26,16,334,25,23,56,47,51,55,73,57,65,461,332,304,569,535,736,634,595,436,317,4458,483,86,73,81,100,66,52,13,17,958,171,73,24,19,29,30,27,13,14,401,49,99,35,26,29,42,45,39,11,368,22,58,34,29,33,43,54,60,38,380,11,47,48,35,34,47,80,77,52,427,9,51,53,39,55,50,81,75,40,453,0,42,52,24,52,48,77,77,30,409,3,48,90,48,70,71,89,50,34,509
LGA51820,82,278,425,519,442,432,640,502,235,3559,109,348,613,660,639,471,392,171,85,3487,51,380,747,684,699,419,217,64,19,3283,22,377,888,721,760,473,123,51,22,3433,7,262,957,824,747,507,95,22,11,3426,3,137,792,599,491,320,56,3,5,2411,3,37,615,455,465,284,42,5,0,1908,0,23,377,339,296,162,20,5,0,1222,0,14,377,431,347,181,28,3,3,1382,3,4,66,147,119,57,14,14,3,432,227,242,642,502,471,405,347,331,300,3471,3149,3351,8621,8165,7186,5649,3573,1973,936,42609,2823,724,1291,1272,910,1017,456,163,63,8715,1452,431,378,385,271,340,238,61,26,3581,624,736,734,698,578,729,669,364,94,5241,264,505,572,553,588,775,1458,1058,253,6021,214,498,588,655,606,658,1072,744,327,5371,237,670,913,884,838,704,727,352,127,5458,155,740,1165,954,972,680,425,149,45,5298,72,718,1679,1313,1285,898,329,103,34,6439
LGA51890,13,25,46,55,50,60,102,71,28,440,11,25,66,54,56,43,50,20,9,329,7,41,51,43,43,34,33,8,3,268,4,16,36,37,53,44,12,5,0,195,0,9,23,29,40,34,13,7,0,149,0,7,20,18,27,9,0,0,0,93,0,3,17,9,22,8,3,0,0,66,0,6,3,14,18,7,0,0,0,47,0,0,12,21,16,4,0,0,0,60,0,0,5,4,4,3,0,0,0,19,50,17,48,37,52,69,69,45,32,410,272,231,509,501,607,632,481,228,91,3551,221,49,75,76,84,145,42,6,0,697,115,23,38,39,33,46,19,4,0,320,43,53,83,83,94,145,102,28,12,646,18,32,67,70,103,136,222,122,30,802,19,35,53,73,57,95,177,113,37,659,18,51,79,63,73,88,104,34,11,510,12,64,77,58,62,64,86,24,4,442,9,33,67,59,80,76,39,8,4,370
LGA51960,3,4,19,12,10,15,18,13,0,92,4,6,7,20,26,10,5,0,0,87,3,13,19,20,25,12,3,0,0,95,3,9,9,25,24,16,3,0,0,93,0,4,19,12,13,16,0,0,0,66,0,4,14,13,13,4,3,0,0,57,0,0,12,3,17,0,0,0,0,38,0,7,5,9,6,7,0,0,0,32,0,0,9,9,5,4,0,0,0,31,0,0,0,3,6,0,0,0,0,14,19,14,30,31,29,22,13,8,0,167,115,100,279,235,237,191,80,27,3,1269,118,29,61,45,37,52,12,4,0,354,24,5,23,10,4,9,4,0,0,85,6,22,41,24,26,39,16,3,0,178,3,13,25,21,19,35,38,14,0,174,9,10,18,11,26,24,39,19,0,158,10,6,15,22,42,18,17,3,0,129,3,14,27,24,38,9,15,0,0,133,9,15,19,30,27,31,10,3,0,143
LGA52030,0,0,3,3,4,8,15,5,3,42,0,6,4,4,8,9,7,0,0,35,0,0,3,0,10,10,3,0,0,22,0,0,0,0,5,3,7,3,0,18,0,0,5,5,8,7,0,4,0,21,0,0,0,0,8,0,0,0,0,14,0,0,0,0,6,7,3,0,0,18,0,0,0,0,0,6,0,0,0,13,0,0,0,0,4,0,0,0,0,9,0,0,0,0,0,3,0,0,0,5,0,0,3,3,4,17,3,0,0,32,8,14,41,41,67,118,76,28,4,397,18,0,3,9,15,27,6,0,0,81,0,0,6,0,6,12,4,0,0,30,0,5,9,4,15,19,9,7,3,70,0,0,4,11,7,34,47,27,0,125,0,0,3,3,8,16,38,14,4,83,3,4,8,7,10,11,16,3,0,74,0,0,9,3,9,12,6,0,0,44,0,4,8,3,15,16,15,3,0,65
LGA52100,0,3,0,4,3,12,8,12,0,41,0,3,8,3,5,3,8,7,0,44,0,0,0,6,4,4,4,0,3,30,0,3,8,5,5,10,9,3,0,41,0,4,8,3,10,12,6,0,0,38,0,0,4,4,3,5,3,0,0,20,0,0,3,6,7,14,0,0,0,24,0,0,0,0,3,3,0,0,0,13,0,0,0,5,0,0,0,0,0,8,0,0,0,3,4,0,0,0,0,6,3,3,7,12,7,3,0,3,3,53,17,19,58,69,66,88,54,50,19,434,12,3,4,6,8,8,12,0,4,48,11,4,6,4,0,3,4,3,0,33,3,3,4,12,4,9,13,11,0,48,3,0,3,6,6,13,15,18,6,82,0,3,3,4,5,12,18,18,4,65,3,3,16,4,12,13,18,8,0,75,3,9,4,9,9,14,12,0,3,67,0,13,16,8,17,14,15,3,3,82
LGA52170,4,9,15,12,11,19,28,24,28,164,0,12,14,17,32,34,37,28,26,205,0,17,26,20,24,39,23,11,11,170,0,10,46,24,41,38,26,17,12,215,0,20,56,22,46,44,44,12,9,241,0,8,52,17,37,34,19,13,4,182,0,6,55,30,44,38,25,7,0,215,0,0,39,21,41,33,9,3,0,145,0,3,56,70,54,53,28,4,5,263,0,0,29,66,105,74,31,7,8,321,20,20,41,24,45,42,27,15,25,262,230,196,500,425,595,531,392,181,155,3209,234,33,42,58,75,52,38,10,9,560,129,44,15,19,15,22,17,4,5,272,30,83,35,27,27,32,26,13,13,283,10,33,35,13,24,36,61,31,15,260,8,26,24,24,17,22,52,42,35,248,9,26,32,22,34,51,58,51,39,323,4,24,41,27,33,38,51,23,23,259,0,27,70,31,49,52,45,28,18,321
LGA52240,0,0,4,0,6,3,15,11,0,47,0,3,4,7,7,9,5,3,0,36,3,0,3,8,9,9,4,0,0,30,3,3,3,7,12,10,0,0,0,36,0,0,7,3,7,3,0,0,0,23,0,3,5,0,0,5,3,0,0,14,0,0,3,0,3,3,0,0,0,14,0,0,0,0,0,0,0,0,0,3,0,0,0,0,0,0,0,0,0,5,0,0,0,0,0,0,0,0,0,8,0,4,9,11,4,5,14,3,3,56,18,21,54,66,70,87,70,26,4,418,13,0,5,6,5,12,8,3,0,51,3,0,0,5,5,4,0,0,0,20,3,5,14,15,5,19,8,6,0,75,3,0,9,13,4,23,35,16,0,98,0,0,11,0,9,15,22,11,4,76,0,3,5,16,10,19,10,5,3,70,3,5,12,12,15,9,16,3,0,72,3,8,6,19,19,20,8,3,0,85
LGA52310,0,0,3,3,6,3,7,5,0,29,0,0,5,4,6,0,3,3,0,26,0,0,5,4,3,4,7,0,0,26,0,0,0,4,6,3,0,0,3,17,0,0,3,5,14,5,0,3,0,32,0,0,0,0,0,3,0,0,0,10,0,0,3,3,0,0,0,0,0,7,0,0,0,0,0,0,0,0,0,3,0,0,0,4,9,0,0,0,0,17,0,0,0,0,0,0,0,0,0,0,3,0,8,9,7,3,9,3,3,39,12,4,49,51,68,60,44,22,9,316,13,0,7,3,4,16,8,0,0,52,0,0,5,3,4,3,5,0,0,18,0,0,3,3,6,11,7,4,0,46,6,4,3,9,7,18,31,14,0,91,0,4,7,8,9,14,15,12,3,62,4,0,10,4,5,9,18,3,0,52,3,0,10,6,10,7,9,3,0,49,0,0,3,10,18,9,4,3,3,45
LGA52380,0,0,3,0,0,0,0,0,0,7,0,0,3,0,0,0,0,0,0,8,0,0,0,0,0,0,0,0,0,4,0,0,0,0,0,0,0,0,0,5,0,0,0,0,0,3,0,0,0,4,0,0,0,0,0,0,3,0,0,5,0,0,4,0,0,0,0,0,0,4,0,0,0,0,0,0,0,0,0,0,0,0,0,0,0,0,0,0,0,0,0,0,0,0,0,0,0,0,0,0,0,0,3,3,0,3,0,3,0,15,3,5,10,4,8,27,7,7,0,68,0,0,0,0,0,4,3,0,0,14,0,0,0,0,0,3,0,0,0,3,0,0,0,3,0,5,0,0,0,10,0,0,0,0,0,4,3,0,0,19,0,0,3,0,0,7,3,0,0,15,3,0,3,0,0,4,0,0,0,9,0,0,0,0,3,0,0,0,0,9,0,0,0,0,0,0,0,0,0,6
LGA52450,3,0,6,7,10,4,12,10,4,54,0,4,4,4,8,11,4,3,0,37,3,0,8,12,7,11,3,4,0,45,0,7,9,13,4,11,0,3,0,43,0,3,10,9,3,5,0,0,0,26,0,0,3,0,0,6,0,0,0,12,0,0,3,0,0,5,0,0,0,14,0,0,0,0,3,0,0,0,0,10,0,0,4,4,3,8,0,0,0,14,0,0,0,0,3,0,0,0,0,3,6,0,3,8,6,20,8,9,4,60,48,23,74,90,77,95,48,40,14,515,110,3,7,9,15,12,5,3,0,163,19,3,5,3,3,4,0,4,0,42,10,7,9,7,11,19,9,5,0,77,4,4,3,6,8,9,27,17,0,77,5,0,9,10,12,11,19,13,5,92,0,4,6,9,14,19,10,6,0,74,3,4,19,16,14,10,7,3,3,79,4,12,12,27,13,18,12,3,0,110
LGA52520,0,0,10,0,13,3,6,5,3,41,0,3,4,11,9,11,7,4,0,53,0,13,12,9,3,6,6,3,0,42,0,3,13,12,7,3,5,5,0,44,0,0,10,11,4,9,5,0,0,35,0,3,9,7,4,3,0,0,0,30,0,0,5,3,3,4,0,0,0,21,0,0,0,3,0,0,0,0,0,10,0,0,0,8,4,0,0,0,0,13,0,0,0,3,0,0,0,0,0,9,0,4,8,10,10,3,8,3,7,52,21,40,104,91,83,79,53,37,18,519,22,8,12,10,4,20,8,3,3,93,4,0,8,4,8,11,5,0,0,34,3,5,4,7,12,17,19,3,0,73,3,4,9,7,7,11,7,16,4,67,3,4,9,3,16,6,12,13,3,67,7,5,8,14,18,17,9,6,0,81,0,14,15,14,11,13,7,6,0,89,0,11,17,19,21,14,6,5,0,99
LGA52590,0,4,15,10,19,16,39,20,4,140,3,14,17,26,20,21,27,10,3,140,0,15,15,11,18,12,17,3,0,91,0,5,17,18,24,17,9,4,0,93,0,4,10,14,33,17,3,3,0,91,0,3,13,9,9,8,8,3,0,40,0,0,5,3,11,11,4,0,0,43,0,0,0,3,4,7,0,0,0,19,0,0,3,5,12,10,3,3,0,40,0,0,4,6,7,3,3,0,0,19,8,3,21,16,19,31,20,17,5,144,55,56,176,178,220,254,222,100,26,1286,39,10,24,17,22,59,23,14,0,207,19,0,13,17,18,25,21,5,0,113,12,8,12,24,21,39,48,15,0,174,6,5,16,19,19,43,92,45,9,251,3,5,27,16,29,38,65,36,10,231,10,18,29,27,26,43,58,24,8,247,0,21,22,15,25,40,39,11,4,183,7,19,32,29,41,35,22,15,0,201
LGA52660,19,41,83,73,75,78,89,77,32,572,25,58,94,104,111,72,67,37,8,583,16,72,105,94,118,85,42,14,11,551,4,49,97,73,102,68,16,11,5,432,3,27,81,83,89,53,11,9,0,359,0,14,40,40,62,29,6,3,0,189,0,4,27,33,34,22,4,3,3,129,0,0,22,18,36,15,3,0,0,95,0,0,11,27,22,22,7,0,0,86,0,0,0,9,13,6,0,0,0,28,32,25,63,51,66,63,69,88,77,535,450,384,951,894,951,857,558,380,159,5584,349,51,163,119,137,167,59,18,0,1064,224,29,59,41,28,56,31,6,0,472,77,50,88,96,76,116,95,61,15,676,36,46,93,77,65,131,268,177,36,937,37,58,102,91,103,112,172,138,36,865,54,103,120,119,130,107,140,65,20,849,28,117,149,126,146,114,98,38,15,845,9,115,198,136,174,122,56,10,8,833
LGA52730,10,6,20,39,44,49,83,46,18,300,3,8,24,31,52,51,53,17,11,254,5,6,20,45,35,42,25,17,3,207,0,3,19,28,48,34,18,12,4,168,0,0,15,28,36,23,12,0,0,116,0,0,4,13,26,18,7,3,0,65,0,0,3,13,28,16,9,0,0,72,0,0,4,14,14,16,3,0,0,56,0,0,7,10,19,14,5,0,0,56,0,0,3,4,11,3,5,3,0,27,25,4,23,34,46,46,54,26,12,276,186,43,221,355,455,483,468,189,71,2466,158,0,29,28,30,68,33,6,0,358,100,4,15,19,29,34,41,8,3,248,20,5,35,42,43,91,69,31,5,333,19,12,27,42,61,93,190,96,13,556,23,7,25,46,63,94,145,84,20,515,15,22,42,44,83,82,106,44,19,447,8,19,30,72,61,84,58,34,5,375,0,18,32,59,97,77,54,20,8,373
LGA52800,6,28,48,27,23,22,20,7,3,184,7,18,55,38,12,19,9,0,0,157,3,16,32,23,25,18,6,0,0,125,3,14,40,23,27,23,3,0,0,136,6,17,43,35,35,38,6,0,0,182,0,13,39,26,31,24,7,0,0,137,3,7,40,24,21,36,3,0,0,130,0,0,12,24,22,21,3,0,0,80,0,0,23,29,29,24,3,0,0,105,0,0,7,10,3,0,0,0,0,18,69,61,108,76,76,39,20,4,4,459,229,303,711,531,486,387,134,54,19,2854,134,28,29,27,29,19,9,7,0,277,59,28,28,34,26,11,9,0,0,202,77,134,286,204,175,113,51,22,4,1059,27,70,139,127,129,101,76,36,15,713,9,34,72,39,45,45,36,21,12,309,15,37,89,65,27,36,15,0,0,280,13,36,60,36,35,45,11,0,0,239,9,37,94,52,58,52,13,0,0,304
LGA52870,9,7,16,25,38,43,72,35,16,256,7,10,32,34,31,44,43,19,0,222,0,18,31,34,46,58,14,7,0,210,0,8,18,24,32,41,17,8,0,144,0,3,18,16,33,37,9,3,0,129,0,8,14,16,25,20,3,0,0,79,0,0,10,18,25,13,3,0,0,73,0,0,3,6,13,12,5,0,0,37,0,0,3,6,14,9,4,3,0,46,0,0,0,6,8,0,4,0,0,22,27,13,20,32,42,62,48,29,15,290,138,97,274,345,440,543,370,165,67,2445,122,19,53,53,61,93,43,12,3,456,56,6,24,23,34,30,33,6,5,216,20,24,31,46,49,87,76,34,25,390,7,10,23,40,39,83,153,83,21,468,14,13,26,31,54,72,136,58,19,429,20,18,53,37,52,70,81,43,9,381,6,26,50,54,63,95,41,13,3,362,0,18,36,48,62,88,42,6,0,309
LGA52940,0,0,5,4,3,3,8,6,5,33,0,3,10,4,3,7,6,3,0,35,0,0,3,5,3,8,0,3,0,25,0,0,3,9,0,0,0,3,0,15,0,3,4,3,10,6,0,0,0,25,0,0,0,0,0,3,0,0,0,7,0,0,6,0,0,0,0,0,0,3,0,0,0,0,0,0,0,0,0,0,0,0,0,0,3,0,0,0,0,3,0,0,0,0,0,0,3,0,0,8,0,3,3,7,3,3,3,3,0,23,8,14,37,43,36,54,39,23,7,264,6,3,5,3,3,6,0,0,0,28,7,0,4,4,0,3,0,0,0,19,3,3,9,0,11,13,6,6,0,46,0,0,0,6,3,9,17,5,0,46,0,0,5,4,6,10,13,4,6,52,0,3,8,9,3,6,18,6,0,58,3,0,3,11,9,10,6,3,0,42,0,3,6,13,7,5,0,8,0,33
LGA53010,0,0,0,3,5,9,3,3,0,31,0,0,5,9,8,4,4,0,0,29,0,0,3,3,0,5,4,4,0,20,0,0,7,3,3,8,0,3,0,21,0,0,0,3,0,9,0,0,0,23,0,3,0,3,0,4,0,0,0,11,0,0,3,0,3,0,0,0,0,4,0,0,0,0,0,3,0,0,0,5,0,0,0,0,0,0,0,0,0,5,0,0,0,0,0,0,0,0,0,4,0,3,4,6,7,8,4,3,0,34,3,11,48,47,39,56,30,22,3,261,3,0,0,0,7,0,3,0,0,21,0,0,0,4,0,3,0,0,0,7,0,3,13,6,5,5,7,3,0,48,0,3,7,3,10,8,11,4,0,48,3,0,0,5,12,13,11,8,3,55,0,0,14,14,4,5,12,3,0,56,0,3,7,6,4,12,5,4,0,41,0,0,12,8,11,13,4,3,0,52
LGA53080,0,4,3,3,7,4,11,3,3,39,0,0,4,0,7,9,0,0,0,17,0,3,4,4,11,3,0,0,0,30,0,3,5,0,6,4,0,0,0,23,0,0,3,0,0,3,0,0,0,12,0,0,0,0,0,3,0,0,0,6,0,0,3,0,0,5,0,0,0,14,0,0,0,3,0,0,0,0,0,6,0,0,0,0,0,0,0,0,0,5,0,0,0,0,0,0,0,0,0,0,0,3,17,4,10,4,7,3,0,60,13,17,52,34,57,60,34,19,3,283,3,3,9,3,3,17,0,0,0,42,4,0,3,0,0,3,3,0,0,17,0,4,5,3,5,10,9,3,0,36,3,0,5,4,13,6,18,10,3,61,4,4,8,5,16,12,26,3,3,72,0,0,3,0,10,11,4,0,0,31,0,3,13,4,19,11,0,0,0,50,0,3,9,10,16,10,4,0,0,45
LGA53150,3,15,18,17,21,29,36,37,9,182,0,25,30,23,33,31,28,30,16,216,0,18,28,38,52,31,33,16,3,223,0,21,41,46,53,49,29,11,3,259,0,15,37,41,64,52,29,4,0,248,0,3,41,43,50,31,19,0,0,187,0,0,33,41,47,48,12,3,0,184,0,0,24,28,40,37,9,3,0,137,0,0,31,49,60,54,12,0,0,207,0,0,4,52,43,30,0,9,0,140,15,9,25,22,44,43,32,28,41,267,224,217,382,498,631,532,349,205,104,3138,199,25,40,66,79,59,26,18,3,510,116,40,21,14,30,20,15,8,6,265,57,64,42,32,40,42,52,31,8,357,14,50,23,26,36,35,68,69,28,340,7,35,28,24,34,46,60,55,17,313,3,43,37,26,47,51,66,44,22,339,3,32,46,52,63,54,61,28,12,349,3,41,67,62,75,83,55,18,9,410
LGA53220,8,10,17,20,7,5,7,4,0,77,3,6,20,28,16,10,5,0,0,93,8,13,23,16,19,8,3,0,0,93,3,28,42,33,30,15,5,0,0,157,0,26,73,58,64,14,5,0,0,252,0,18,75,38,40,27,3,0,0,196,0,8,52,35,30,10,0,0,0,139,0,9,33,22,22,20,3,0,0,113,0,28,114,48,57,29,0,0,0,271,0,4,38,19,11,10,0,0,0,81,34,54,167,92,101,48,12,5,0,516,162,267,905,558,500,275,69,15,3,2751,119,28,84,61,29,28,3,0,0,351,39,11,39,23,20,17,6,0,0,149,36,70,168,112,66,53,29,3,0,537,12,11,53,28,33,23,15,3,0,185,6,10,24,22,17,11,21,3,0,121,10,13,32,38,23,14,12,4,0,151,12,14,39,25,21,16,6,0,0,139,9,38,71,55,44,33,4,3,0,258
LGA53290,29,28,54,69,71,74,135,85,34,575,27,52,67,80,105,89,63,31,16,537,14,54,98,77,108,76,50,24,6,505,3,25,57,70,103,77,26,15,0,388,0,21,54,82,89,62,31,16,3,355,0,6,55,51,55,43,10,3,0,223,0,9,39,38,38,36,6,4,3,180,0,0,17,30,30,28,8,0,0,113,0,0,20,31,38,24,9,3,0,118,0,0,7,19,24,9,12,5,0,84,81,42,103,105,134,113,91,56,47,762,484,329,829,902,1000,901,669,366,158,5639,375,31,81,73,80,126,53,19,6,844,190,20,48,55,38,49,40,11,0,447,75,43,104,88,72,123,115,44,16,681,35,41,93,81,93,124,230,166,60,925,60,46,73,85,118,107,212,140,52,896,56,103,104,110,142,138,136,66,25,877,22,112,150,113,158,119,93,49,11,835,14,84,135,140,176,148,71,28,7,808
LGA53360,3,5,15,14,8,17,9,0,0,70,0,15,15,27,14,21,17,8,0,113,3,8,23,26,23,8,9,0,0,102,0,14,19,19,19,13,5,0,0,90,0,7,25,17,22,17,7,0,0,88,0,0,4,13,18,7,3,0,0,46,0,3,19,8,9,4,0,0,0,44,0,0,8,7,7,3,0,0,0,24,0,0,3,11,10,10,0,0,0,31,0,0,0,3,3,3,0,0,0,11,12,6,25,27,19,14,10,3,0,117,62,61,216,237,176,148,101,23,6,1036,22,3,15,26,20,18,14,0,0,121,30,0,9,8,5,13,3,0,0,75,17,12,22,16,16,21,25,5,3,134,9,6,14,19,19,22,63,15,0,161,3,5,20,19,14,30,16,9,0,121,3,18,29,36,23,27,27,12,0,165,6,24,38,31,29,27,19,0,0,175,5,21,48,36,37,24,11,3,0,184
LGA53430,12,72,120,114,137,138,247,230,138,1202,18,90,173,112,139,157,168,86,48,997,8,74,173,149,140,150,121,49,15,877,3,64,206,128,171,149,91,21,12,854,0,52,260,173,192,189,64,22,13,974,0,27,216,134,160,112,37,13,3,701,0,17,174,168,149,104,26,8,0,651,0,0,133,122,139,101,31,7,0,541,0,3,148,174,184,148,29,4,3,694,3,0,42,93,112,64,38,12,0,371,52,94,241,177,186,179,159,137,113,1341,691,823,2357,2015,2136,1990,1478,925,476,12886,573,111,254,238,206,214,105,62,25,1784,363,101,100,89,79,96,77,31,13,935,136,245,238,172,210,289,191,152,52,1684,49,149,190,167,214,276,397,345,117,1894,26,134,193,170,208,256,383,357,184,1922,32,149,288,166,188,248,316,167,73,1628,18,141,295,204,201,223,201,94,25,1400,14,134,405,222,267,251,195,52,26,1563
LGA53570,0,3,14,17,25,41,54,28,11,200,0,16,26,33,33,36,30,14,0,184,7,21,28,18,36,23,28,6,3,172,3,5,35,23,42,31,14,3,0,163,0,8,28,26,21,28,8,4,0,125,0,3,9,12,17,11,8,0,0,55,0,0,6,10,12,7,3,0,0,39,0,0,3,9,13,6,3,0,0,37,0,0,3,5,7,11,6,0,3,33,0,0,0,6,3,8,3,3,0,26,15,5,24,26,45,40,39,27,7,223,110,100,270,283,360,400,369,154,32,2077,111,24,38,49,59,87,52,14,6,441,35,4,19,16,21,30,29,7,0,154,11,19,31,32,42,78,91,40,7,343,5,10,35,23,33,86,158,77,8,448,6,7,32,22,48,75,110,55,15,380,9,25,33,48,46,57,69,35,7,333,7,34,54,43,55,52,59,26,7,337,8,27,67,46,82,72,40,14,3,347
LGA53640,0,4,9,4,0,14,4,5,0,39,0,0,5,10,3,6,0,0,0,35,0,6,13,4,5,4,3,0,0,38,0,3,3,3,8,3,0,0,0,27,0,5,8,4,9,4,5,0,0,30,0,0,0,3,7,5,3,4,0,23,0,0,3,0,0,4,0,0,0,15,0,0,4,0,0,3,0,0,0,6,0,0,0,6,10,3,3,0,0,17,0,0,0,0,7,7,3,0,0,15,0,3,4,3,8,9,9,3,5,48,14,33,84,68,76,88,46,17,6,438,14,0,8,10,4,19,4,0,0,67,5,0,13,4,3,0,0,0,0,34,3,4,10,12,14,17,7,3,0,72,4,0,19,10,8,12,16,11,4,73,0,4,11,6,8,19,10,5,3,66,3,3,6,10,13,16,7,4,0,62,3,7,15,13,13,8,10,0,0,69,4,15,18,10,11,9,8,0,0,80
LGA53710,0,0,4,3,7,6,11,10,11,52,0,0,8,5,12,4,3,0,4,39,0,0,3,6,8,6,5,3,0,30,0,4,8,6,7,7,3,0,0,28,0,0,9,3,7,10,5,3,0,35,0,0,4,3,3,3,0,0,0,17,0,0,3,3,3,3,0,0,0,9,0,0,0,0,3,0,0,0,0,7,0,0,0,0,3,3,0,0,0,5,0,0,3,0,3,3,0,0,0,13,10,3,3,6,4,7,3,3,5,50,23,14,55,58,75,72,60,35,17,413,15,0,3,5,9,11,4,0,0,49,3,3,5,0,9,4,3,0,0,30,0,0,11,7,8,5,10,3,3,53,3,3,7,6,4,14,25,21,3,85,0,0,3,9,12,11,20,20,14,83,0,0,7,11,17,8,4,0,3,49,0,3,14,6,10,17,9,5,0,62,0,9,14,11,17,9,8,0,0,66
LGA53780,100,304,562,542,471,490,835,601,222,4125,98,407,837,795,618,523,441,187,93,3998,57,427,852,803,729,501,243,92,40,3750,23,380,906,819,815,501,156,46,29,3679,6,232,956,755,788,553,112,32,13,3451,0,120,561,502,492,284,49,9,6,2029,3,40,419,435,366,194,39,3,0,1499,0,15,180,282,217,148,20,3,0,859,0,4,186,285,243,124,15,3,0,865,0,9,26,70,55,43,18,5,0,229,253,241,529,496,436,408,310,298,206,3182,3670,3831,9363,8551,7294,6102,4225,2239,876,46159,3669,1165,2189,1658,1197,1450,641,185,45,12201,1665,584,510,465,302,399,244,76,28,4271,772,912,1107,888,825,868,811,372,104,6654,311,580,888,710,687,819,1883,1203,311,7391,243,584,865,768,682,773,1375,933,307,6521,214,788,1294,1091,881,821,821,406,144,6456,137,888,1638,1323,1144,864,525,195,80,6790,72,903,2103,1699,1539,1047,433,100,43,7936
LGA53800,81,94,178,176,207,201,290,219,78,1518,67,145,223,254,291,203,150,95,33,1451,27,160,231,229,281,198,123,56,14,1311,19,116,221,274,269,175,56,26,6,1167,5,72,218,216,283,210,52,13,6,1077,6,49,133,152,184,113,31,5,0,670,0,15,124,133,164,90,30,3,0,568,0,10,70,87,113,71,12,3,0,370,0,7,62,109,127,81,10,4,0,400,0,10,13,42,45,44,17,10,0,179,160,124,255,231,269,214,172,163,118,1702,1325,1075,2402,2524,2843,2372,1614,943,359,15465,1038,150,319,263,298,402,175,46,15,2709,524,85,124,121,115,159,81,30,10,1248,225,181,287,272,275,318,310,134,36,2040,109,125,247,232,281,357,677,474,125,2628,162,164,236,235,297,305,503,366,124,2386,143,236,298,324,393,317,307,189,55,2267,69,295,364,329,403,341,226,107,34,2166,36,239,411,436,451,370,154,52,14,2178
LGA53920,0,5,22,11,6,16,4,7,0,77,3,10,20,15,9,0,8,0,0,64,0,10,11,10,3,3,0,0,0,38,0,3,16,9,11,3,0,0,0,44,0,6,16,12,7,7,3,0,0,55,0,0,10,8,11,3,0,0,0,29,0,10,4,4,3,6,0,0,0,34,0,3,7,4,4,16,0,0,0,33,0,0,8,10,6,12,0,0,0,32,0,0,0,3,0,0,0,0,0,5,45,31,91,57,49,28,10,6,0,313,122,149,317,237,180,158,59,23,4,1242,69,26,15,7,9,12,0,0,0,145,26,14,31,21,15,9,3,3,0,119,19,74,134,87,68,52,29,10,0,475,4,24,43,39,34,33,24,3,3,210,3,11,30,19,17,24,15,12,0,131,8,11,26,20,23,5,10,0,0,108,3,13,16,15,8,4,0,3,0,64,3,7,20,19,18,8,4,0,0,85
LGA53990,34,44,127,103,162,127,229,128,48,1006,37,66,163,206,199,172,125,53,16,1040,16,84,170,215,204,134,86,32,7,936,6,64,134,168,190,111,53,15,4,744,6,36,140,145,152,112,43,15,4,651,0,15,71,89,112,66,13,8,0,371,0,9,61,62,77,62,10,9,0,287,0,3,33,53,59,38,0,0,0,184,0,0,31,53,71,42,9,3,4,210,3,0,13,12,21,14,5,5,0,80,121,65,115,136,153,152,144,94,29,1015,878,573,1644,1808,1906,1692,1216,555,170,10435,754,100,282,271,228,349,96,31,11,2103,377,49,125,94,90,120,82,14,4,951,140,103,184,188,174,247,221,89,19,1361,97,72,135,149,183,236,501,306,82,1751,79,73,162,133,192,186,390,208,62,1492,72,123,222,244,241,259,248,104,22,1537,56,172,258,269,271,222,167,72,20,1509,24,155,266,279,293,222,147,30,10,1422
LGA54060,3,3,11,11,17,25,42,23,7,151,3,10,18,27,22,27,38,12,4,156,0,3,14,20,30,22,18,10,0,116,0,10,14,17,27,19,11,3,0,103,0,4,9,9,19,19,6,5,0,72,0,0,11,4,12,18,3,0,0,45,0,0,0,9,13,12,3,3,0,39,0,0,0,14,4,6,4,3,0,33,0,0,0,6,12,4,4,3,0,30,0,0,0,3,6,0,3,0,0,15,9,3,14,18,17,21,30,16,3,126,80,50,149,212,238,298,295,122,34,1481,94,15,13,33,31,60,23,3,4,286,30,0,11,11,9,17,17,0,0,111,8,6,17,23,25,56,73,13,7,244,5,9,16,17,33,45,127,84,12,353,5,11,13,17,27,52,75,49,24,276,6,9,25,27,42,48,64,23,8,253,0,9,20,29,36,40,40,23,5,201,5,11,23,31,40,40,32,10,5,191
LGA54130,0,0,0,3,6,3,8,0,0,20,0,0,11,12,12,10,4,4,0,45,0,0,4,3,4,8,3,0,0,26,0,0,4,3,11,11,4,0,0,36,0,0,5,8,7,10,0,0,0,33,0,0,3,3,6,3,0,0,0,12,0,0,5,0,6,3,0,0,0,18,0,0,0,5,8,0,3,0,0,12,0,0,4,3,0,6,0,0,0,12,0,0,0,4,0,6,0,0,0,15,3,3,10,8,9,8,3,8,0,50,7,16,71,64,83,84,39,23,3,387,7,7,11,6,8,13,0,0,0,48,3,3,3,0,5,3,4,0,0,21,0,9,8,4,3,18,8,5,0,50,3,3,5,6,8,10,10,4,4,57,0,3,0,5,12,8,14,7,0,50,0,3,16,11,14,14,7,6,0,80,3,6,15,15,10,14,13,4,0,73,0,8,11,7,21,20,10,0,0,76
LGA54170,155,384,421,616,683,743,1187,757,407,5359,109,488,663,842,1019,963,903,317,201,5503,84,526,717,929,1091,828,508,195,94,4956,25,477,850,921,1190,933,362,98,60,4915,4,379,1013,970,1359,1121,254,52,40,5192,3,185,819,788,1024,671,169,25,10,3687,0,67,658,679,858,588,119,18,3,2993,3,22,334,520,633,447,73,17,5,2062,0,17,397,703,830,522,79,10,9,2551,0,11,104,250,316,144,55,13,8,893,290,245,423,503,534,523,442,325,294,3571,5169,4667,8458,10744,12167,10741,6922,3137,1539,63543,4725,1048,1269,1676,1429,1769,716,221,79,12940,2908,797,408,538,472,690,507,158,49,6534,1051,1194,820,760,745,1065,1267,546,174,7616,416,845,651,705,744,977,2174,1377,428,8324,375,766,662,776,848,1035,1987,1159,552,8152,314,948,997,1025,1271,1380,1734,629,302,8596,179,1041,1185,1203,1408,1267,1101,392,155,7935,83,1060,1650,1416,1767,1674,931,255,103,8937
LGA54200,69,134,194,243,237,255,484,372,151,2134,63,178,269,321,342,326,355,194,66,2101,37,203,309,340,362,279,206,91,27,1856,22,182,384,404,402,318,106,56,17,1894,7,115,427,376,513,325,108,38,11,1917,0,44,307,251,308,228,59,7,0,1214,0,16,219,220,228,152,39,18,3,892,0,0,113,143,157,123,28,4,0,574,0,6,120,191,220,116,34,11,3,701,4,3,25,80,75,57,18,12,0,279,138,112,243,198,253,254,243,182,134,1759,1893,1572,3574,3879,3999,3582,2867,1581,558,23505,1766,312,594,581,530,676,335,84,27,4899,873,194,178,205,172,217,169,64,11,2083,354,324,316,323,298,373,462,256,65,2777,139,232,243,285,267,356,1024,716,154,3410,155,227,287,288,310,370,792,603,210,3246,159,326,372,401,440,471,615,339,100,3225,83,436,496,489,505,441,420,197,57,3124,40,412,740,708,687,596,323,113,39,3664
LGA54280,47,77,146,125,101,111,111,100,31,841,40,88,172,149,155,116,54,18,7,805,30,97,213,175,163,110,30,11,3,828,12,103,182,192,212,116,22,4,4,844,10,91,222,203,218,125,18,6,0,893,3,64,200,170,135,77,10,3,0,659,0,24,173,138,115,58,9,3,0,531,0,5,112,85,95,57,9,0,0,354,0,15,99,125,101,50,6,0,0,397,0,3,29,30,31,18,6,3,0,116,104,121,305,233,188,190,84,60,38,1315,896,945,2617,2174,1944,1419,588,302,100,10980,668,190,466,290,247,257,91,18,5,2234,359,65,117,87,52,44,32,9,6,767,157,132,191,166,129,138,112,48,9,1075,70,90,190,142,147,139,225,115,27,1136,81,115,180,161,137,160,218,171,44,1267,88,143,200,179,192,161,112,33,11,1124,77,178,281,227,213,156,84,26,3,1248,48,200,319,271,315,209,53,9,3,1435
LGA54310,10,27,89,61,45,19,20,4,4,284,15,49,101,94,71,45,5,3,0,381,23,53,129,128,77,49,3,3,0,470,11,78,141,103,103,34,12,3,0,482,9,68,194,139,114,61,17,0,0,607,3,74,129,134,98,40,4,0,0,480,0,28,137,106,99,43,0,0,0,415,0,21,88,56,76,28,0,3,0,284,0,10,158,150,119,50,5,0,0,498,0,9,51,75,39,16,0,0,0,182,64,83,252,187,167,96,34,15,0,895,486,616,2086,1705,1267,642,169,41,6,7012,454,137,393,284,156,116,39,6,0,1583,185,21,97,76,27,25,4,0,0,441,72,41,126,102,74,45,25,12,3,498,40,42,95,99,74,58,59,7,0,469,23,40,103,80,58,35,42,15,9,401,33,69,126,115,89,68,22,5,0,528,47,92,162,152,104,72,19,7,0,650,27,129,226,146,139,71,20,3,0,753
LGA54340,7,4,18,17,22,20,24,24,12,146,11,4,28,21,17,26,10,9,5,129,6,18,31,33,34,20,14,4,3,158,4,11,24,14,30,15,9,8,0,116,0,9,9,29,15,20,12,5,0,103,0,4,25,6,9,12,3,0,0,66,0,11,10,12,13,3,0,0,0,45,0,0,4,8,11,6,3,0,0,33,0,0,4,12,14,3,0,4,0,33,0,0,0,3,0,0,0,0,0,11,12,10,43,33,42,44,38,28,21,266,101,101,258,264,272,253,199,129,63,1636,80,13,28,20,17,39,18,9,11,227,37,3,18,22,6,15,18,5,0,118,12,17,24,43,49,37,28,21,4,236,11,9,25,34,19,43,99,70,10,315,15,3,20,16,30,36,47,40,21,225,19,28,33,35,28,43,26,14,8,228,15,61,83,77,72,49,22,12,3,390,5,33,57,47,66,47,24,8,0,289
LGA54410,0,4,4,4,18,3,9,16,9,69,0,5,4,8,10,6,7,0,5,36,0,3,3,10,14,5,7,0,0,40,0,6,5,3,7,3,0,5,0,33,0,0,3,4,6,6,0,0,0,21,0,0,3,3,4,4,0,0,0,23,0,0,3,0,7,3,0,0,0,19,0,0,3,0,0,3,0,0,0,5,0,0,0,0,0,3,0,0,0,3,0,0,0,0,3,0,0,0,0,8,9,4,9,6,13,15,9,17,8,79,33,23,59,57,102,79,72,60,26,510,30,6,9,0,11,8,6,7,0,75,7,0,3,3,9,6,0,0,0,27,7,9,10,13,12,9,12,7,0,78,0,0,6,6,12,17,35,26,4,107,7,4,6,17,21,9,27,22,13,121,0,4,11,8,12,4,13,3,5,56,0,3,10,17,17,14,13,7,0,71,0,4,22,10,18,12,0,4,4,79
LGA54480,0,0,3,3,0,0,7,3,0,18,0,0,3,4,3,3,3,0,0,14,0,3,0,3,0,3,0,0,0,13,0,0,6,3,6,0,0,0,0,12,0,0,0,3,0,3,0,0,0,9,0,3,3,4,0,0,0,0,0,9,0,0,0,3,3,3,0,0,0,6,0,0,0,3,0,3,0,0,0,7,0,0,0,6,0,3,0,0,0,5,0,0,0,5,0,0,3,0,0,9,0,0,9,9,3,6,5,0,0,23,6,6,34,51,31,28,32,4,0,186,7,3,0,4,11,4,3,0,0,33,0,0,4,3,3,0,0,0,0,8,4,4,3,3,5,3,3,0,0,27,0,0,0,3,4,0,12,3,0,26,0,0,6,3,0,0,7,6,0,30,0,0,3,4,0,9,9,0,0,28,0,3,5,5,4,6,0,3,0,30,0,0,6,10,10,0,3,0,0,35
LGA54550,0,4,10,12,3,10,13,15,4,69,3,8,12,17,23,17,6,5,5,95,3,5,16,14,24,16,6,7,0,80,0,6,4,6,10,13,10,3,4,51,0,3,13,6,12,13,4,0,0,50,0,0,11,6,5,8,3,0,0,35,0,0,4,8,8,5,6,0,0,27,0,0,0,0,7,0,0,3,0,8,0,0,3,8,7,3,3,0,0,21,0,0,0,9,4,8,0,0,0,18,6,0,14,15,17,15,11,10,19,105,34,32,120,107,149,131,97,63,34,771,24,3,14,3,6,12,11,3,4,76,10,6,4,8,6,5,7,0,6,55,3,4,14,9,13,12,11,11,3,86,3,6,10,7,12,16,34,29,4,129,7,6,10,14,14,19,30,21,9,124,10,12,11,15,24,32,21,11,5,146,3,7,17,20,39,24,15,13,0,139,4,9,23,25,34,35,13,5,7,144
LGA54620,0,0,3,4,3,3,7,5,3,29,4,3,9,3,5,9,0,3,0,40,0,3,6,3,6,7,3,4,3,30,0,0,8,11,6,4,0,3,0,35,0,0,10,0,8,5,0,0,0,25,0,0,3,3,4,4,3,0,0,12,0,0,0,0,0,4,0,0,0,14,0,0,0,0,0,0,0,0,0,4,0,0,4,4,0,3,0,0,0,12,0,0,0,3,0,3,0,0,0,5,0,0,3,3,4,4,4,3,0,24,11,10,55,51,56,63,32,24,8,307,17,0,5,0,4,7,0,0,0,32,4,0,4,0,3,3,4,0,0,19,0,3,5,4,10,7,13,6,0,47,0,3,0,9,7,6,10,5,0,46,0,0,4,3,9,7,17,9,3,55,4,6,9,9,10,13,3,5,0,65,0,3,10,6,14,12,4,8,6,58,3,0,22,20,12,9,5,3,0,74
LGA54690,0,0,3,3,0,3,3,3,0,11,0,0,0,4,4,6,0,0,0,14,0,0,0,0,3,3,0,3,0,14,0,0,3,0,8,0,0,0,0,6,0,0,0,0,0,11,0,0,0,11,0,0,0,3,0,0,0,0,0,11,0,0,3,0,0,3,0,0,0,7,0,0,0,0,0,0,0,0,0,3,0,0,0,0,0,0,0,0,0,3,0,0,0,3,0,0,0,0,0,5,0,0,0,0,0,0,3,5,0,11,7,7,22,21,22,38,21,17,4,160,6,0,3,0,4,12,3,0,0,29,0,0,3,0,0,0,0,3,0,14,0,0,0,8,3,7,5,0,0,30,0,0,0,0,3,5,17,4,3,39,0,0,3,3,0,3,10,4,0,22,0,0,0,5,3,10,3,0,0,29,0,0,6,3,5,3,0,5,0,22,0,0,6,3,7,8,0,0,0,22
LGA54760,0,0,4,9,4,3,6,0,0,28,0,0,0,5,5,12,4,3,0,29,0,0,3,3,3,3,0,0,0,25,0,0,4,6,9,0,3,0,0,21,0,3,4,6,8,8,0,3,0,25,0,0,3,6,3,3,0,0,0,16,0,0,5,3,3,0,0,0,0,15,0,0,3,3,0,0,0,0,0,5,0,0,0,0,0,0,0,0,0,0,0,0,0,3,0,3,0,0,0,6,3,0,0,3,5,3,3,4,3,26,11,14,36,49,57,49,34,18,10,284,3,0,11,3,4,4,5,0,0,33,0,3,3,0,6,5,0,0,0,15,0,4,3,4,10,9,12,3,3,50,0,0,3,5,0,4,6,18,0,38,0,4,5,11,8,3,10,6,6,51,3,3,10,14,12,17,4,4,0,67,0,0,11,9,8,11,7,0,0,47,3,0,5,10,16,5,9,0,0,55
LGA54830,34,139,229,174,159,128,230,162,66,1315,32,164,333,286,199,133,100,37,14,1305,27,165,336,265,224,128,55,24,9,1237,4,148,371,260,252,140,15,5,6,1210,9,86,429,273,237,132,14,10,3,1190,4,49,279,180,127,63,17,0,0,715,0,9,197,109,94,53,3,0,0,466,0,3,87,82,70,33,0,0,0,275,0,3,76,87,67,30,4,0,0,269,0,3,21,21,11,13,4,4,4,81,107,100,303,202,162,149,130,90,43,1290,1101,1395,3772,2781,2208,1656,1084,565,200,14768,1005,327,613,472,355,385,128,32,4,3309,423,149,181,116,107,91,62,17,10,1152,251,293,424,303,245,275,225,117,21,2150,91,189,273,242,211,286,530,326,62,2215,90,188,324,252,245,228,384,258,95,2059,85,269,440,366,280,209,178,90,28,1951,51,314,522,403,318,207,117,53,16,1998,23,302,773,521,470,265,57,18,7,2436
LGA54900,0,0,3,8,0,10,5,3,4,34,0,3,9,3,11,4,9,6,0,43,0,0,12,7,16,5,0,5,0,39,0,3,12,10,10,10,3,0,0,42,0,4,3,4,11,11,8,0,0,38,0,3,3,8,3,3,0,3,0,22,0,0,0,3,0,4,0,0,0,11,0,0,6,3,7,3,0,0,0,18,0,0,3,8,3,3,0,0,0,16,0,0,0,3,9,3,3,0,0,17,0,0,7,12,12,9,7,3,3,56,20,19,90,67,95,77,52,25,10,461,17,0,12,4,8,13,10,4,0,61,0,0,11,5,4,0,0,0,0,21,5,0,9,7,7,9,3,6,3,37,0,4,10,3,15,7,9,10,3,62,3,0,3,9,4,16,15,6,4,60,4,8,7,3,10,14,15,10,4,71,3,4,13,11,16,16,3,3,0,72,0,13,24,23,25,17,9,3,0,106
LGA54970,3,0,7,0,0,3,0,0,0,14,0,3,3,0,3,4,0,0,0,11,0,0,5,0,4,0,0,0,0,13,0,3,3,3,3,4,3,0,0,14,0,3,3,3,0,0,0,0,0,13,0,3,6,3,4,3,0,0,0,19,0,0,10,4,8,7,0,0,0,28,0,0,11,0,5,3,0,0,0,19,0,0,8,4,3,5,0,0,0,16,0,0,0,3,0,3,0,0,0,10,0,3,15,5,0,9,0,0,0,47,18,26,84,42,48,50,14,3,3,290,14,0,0,0,3,5,0,0,0,31,0,0,3,4,0,0,0,0,0,12,3,9,28,13,17,10,6,5,0,93,0,3,10,10,4,9,8,3,0,45,3,0,5,0,5,4,8,4,0,29,0,3,6,9,5,8,0,0,0,29,0,3,6,4,10,3,0,0,0,27,0,3,4,8,7,10,10,0,0,40
LGA55040,0,0,7,3,5,3,3,0,0,22,3,0,5,8,8,0,0,0,0,27,0,3,9,3,7,3,0,0,0,28,0,4,8,6,6,3,0,0,0,23,0,0,9,4,10,6,0,0,0,33,0,5,7,3,4,5,0,0,0,25,0,0,4,8,8,3,0,0,0,20,0,4,3,5,0,7,0,0,0,18,0,0,9,4,6,3,0,0,0,27,0,0,0,3,0,0,0,0,0,3,3,9,36,9,10,12,6,0,0,90,12,28,124,75,83,52,26,4,0,410,6,0,21,13,4,6,3,0,0,55,0,0,4,0,0,3,0,0,0,12,7,5,15,6,10,3,0,0,0,44,3,3,4,4,0,4,11,4,3,40,0,0,10,8,8,9,3,0,3,45,5,3,5,11,8,8,0,3,3,39,0,10,13,0,10,4,0,0,0,46,0,8,5,13,7,8,0,0,0,39
LGA55110,70,204,321,329,414,511,994,729,303,3876,69,301,517,543,480,477,641,313,150,3474,47,239,447,450,488,379,317,186,60,2618,25,188,391,433,544,358,201,76,26,2236,6,116,387,410,500,365,130,71,32,2012,5,67,235,232,363,233,56,6,10,1208,0,22,170,194,252,171,34,16,6,866,3,8,92,162,204,133,24,7,3,632,0,8,103,145,217,152,43,9,5,680,0,0,29,63,64,50,22,24,6,262,201,149,317,311,359,407,469,475,340,3027,2388,2138,4590,4835,5402,5473,5234,3200,1243,34507,2161,427,792,773,781,1101,439,163,67,6695,999,249,259,274,219,328,256,105,32,2721,492,506,638,556,505,844,955,519,119,5144,226,361,446,471,550,913,2382,1713,386,7455,181,345,457,456,582,788,1661,1168,439,6086,165,487,659,684,636,731,1245,643,246,5486,117,483,659,598,676,623,684,419,124,4385,61,427,754,736,855,681,513,190,66,4280
LGA55180,13,22,45,51,60,78,78,61,30,422,15,39,43,53,69,65,46,17,9,349,5,26,58,64,81,72,45,10,5,368,0,13,38,63,98,47,10,14,3,290,0,8,29,41,58,42,22,9,4,207,0,7,22,20,38,37,4,4,0,128,0,3,12,21,28,23,8,3,0,102,0,0,7,14,17,12,3,0,0,50,0,0,7,7,16,18,3,0,0,53,0,0,3,4,11,4,9,0,0,40,41,15,39,39,53,71,62,60,42,427,258,192,430,523,722,697,500,292,121,3728,198,24,41,56,43,89,36,14,3,512,134,14,21,16,42,43,32,14,3,318,31,45,67,77,95,107,109,55,14,603,30,28,50,65,105,131,236,151,29,825,30,43,56,74,91,127,140,102,39,706,27,55,58,77,101,116,105,45,15,606,25,56,100,97,142,129,91,43,17,692,5,46,99,107,181,112,42,17,3,615
LGA55250,0,4,0,0,3,3,5,0,0,18,3,3,8,5,7,0,4,0,0,23,0,0,0,7,3,3,3,0,0,15,0,3,6,9,4,7,0,0,0,25,0,0,10,0,3,10,0,0,0,30,0,0,5,3,3,4,0,0,0,17,0,0,6,0,6,0,0,0,0,15,0,0,0,0,8,0,0,0,0,12,0,0,3,5,6,0,0,0,0,11,0,0,0,3,5,0,0,0,0,11,23,3,24,14,9,10,3,0,0,92,39,20,76,64,60,61,32,3,3,354,15,0,6,4,3,9,0,0,0,44,0,0,5,6,0,4,3,0,0,20,5,4,11,7,12,8,7,0,0,54,0,0,8,8,6,8,9,3,0,35,0,4,5,7,6,8,12,3,0,47,3,5,11,5,11,3,15,0,0,42,0,0,12,8,3,10,7,0,0,39,0,3,11,12,9,18,3,0,0,56
LGA55320,57,241,247,355,354,441,715,750,418,3583,40,290,351,457,520,498,595,354,233,3345,32,251,406,467,486,541,430,221,129,2968,16,247,509,483,625,526,319,135,107,2949,5,259,628,552,723,590,241,89,58,3158,0,129,585,448,567,446,140,45,19,2383,5,57,505,466,531,424,98,39,15,2139,0,15,309,363,434,303,73,35,8,1543,0,14,357,509,645,453,98,38,22,2133,3,7,103,317,341,192,100,35,13,1105,236,151,318,310,338,339,338,437,561,3025,3209,3228,5630,6502,7192,6708,4848,3255,2105,42676,3043,928,889,1010,877,1059,565,231,72,8668,1724,721,292,336,325,457,323,151,98,4431,655,930,512,468,503,649,775,439,200,5135,265,611,440,372,470,582,1093,1039,437,5302,145,480,449,458,475,643,1138,1083,577,5439,118,576,604,610,661,725,1063,649,343,5354,80,486,742,650,652,780,799,438,225,4848,36,540,945,750,892,885,732,290,187,5249
LGA55390,0,0,0,0,0,0,5,0,0,8,0,0,0,3,0,3,0,0,0,6,0,0,3,4,3,0,0,0,0,8,0,0,0,0,0,0,0,0,0,3,0,4,0,3,0,3,0,0,0,11,0,4,0,0,0,0,0,0,0,6,0,0,0,3,0,0,0,0,0,3,0,0,0,0,0,0,0,0,0,3,0,0,3,0,3,0,0,0,0,8,0,0,0,0,0,3,0,0,0,3,0,0,3,3,4,3,0,0,0,15,15,15,28,31,26,22,12,4,0,147,8,0,0,3,0,0,0,0,0,17,0,0,0,0,0,0,0,0,0,3,4,12,18,22,13,5,3,0,0,80,0,3,4,4,10,9,8,5,0,37,0,3,4,4,0,0,6,0,0,17,0,4,3,6,0,8,3,0,0,19,0,0,3,4,3,0,0,0,0,13,0,0,3,3,3,4,0,0,0,10
LGA55460,6,7,15,9,14,18,32,20,12,132,4,12,14,18,24,17,7,4,3,108,3,17,20,20,21,20,9,3,3,118,0,7,22,31,15,22,7,7,0,109,0,7,15,16,17,30,5,3,0,91,0,0,13,14,20,8,0,0,0,54,0,7,15,6,10,10,0,0,0,43,0,3,11,8,0,7,3,0,0,29,0,0,6,7,12,4,3,0,0,37,0,0,4,3,9,6,0,0,0,15,7,10,16,19,19,12,21,14,8,136,91,95,211,189,206,210,134,78,36,1263,80,52,26,20,28,32,14,3,0,258,33,44,12,10,9,12,10,3,0,135,13,16,27,21,26,26,15,5,7,155,9,11,23,14,21,33,55,39,13,220,20,10,19,17,25,22,55,34,17,214,10,30,31,26,30,32,26,13,10,198,4,29,36,26,32,28,28,5,6,202,0,23,39,44,31,37,22,6,0,208
LGA55530,0,0,5,0,0,4,6,3,0,18,0,3,3,3,0,0,0,0,0,8,0,0,0,3,0,0,3,3,0,11,0,0,3,0,0,3,0,0,0,11,0,0,3,0,3,0,0,0,0,15,0,0,0,3,3,0,0,0,0,5,0,0,0,0,0,0,0,0,0,7,0,0,0,0,0,0,0,0,0,3,0,0,0,0,0,4,0,0,0,10,0,0,0,0,3,0,0,0,0,3,3,0,0,4,3,4,0,5,0,24,9,14,25,33,26,30,23,10,0,164,8,0,0,3,3,8,0,0,0,27,0,0,0,6,3,0,0,0,0,8,0,0,5,4,3,6,3,0,0,29,0,3,0,0,0,3,13,9,0,34,3,0,5,0,0,11,11,3,0,33,0,6,3,3,4,4,0,0,0,21,0,3,3,5,3,0,3,5,0,20,0,0,4,0,10,13,0,0,0,29
LGA55600,0,6,15,13,11,10,20,11,12,95,0,11,9,19,10,6,5,0,5,79,0,4,17,16,19,14,10,7,3,89,0,3,6,15,27,15,11,0,0,79,0,4,14,8,7,19,6,3,0,59,0,0,5,14,7,3,0,0,0,32,0,0,5,5,0,6,3,0,0,26,0,0,8,10,6,5,3,0,0,23,0,0,3,7,5,7,0,0,0,23,0,0,0,3,3,3,0,0,0,11,12,6,13,20,23,23,14,7,3,109,50,56,131,156,176,155,115,53,28,921,46,8,10,8,22,16,8,0,0,114,22,11,6,5,15,6,5,0,0,66,7,7,16,22,21,29,18,5,3,134,8,15,17,24,16,20,43,25,9,172,6,10,17,15,12,15,29,31,13,147,10,25,15,30,24,16,12,11,4,142,3,12,23,24,25,26,27,10,3,152,0,15,13,28,52,36,26,7,0,170
LGA55670,3,3,3,3,4,4,0,6,0,24,0,0,7,3,3,7,3,3,0,24,0,0,3,4,9,3,3,3,0,25,0,3,0,3,3,0,0,0,0,11,0,0,3,5,3,3,0,3,0,22,0,3,4,0,0,5,0,0,0,12,0,3,3,3,3,4,0,0,0,17,0,0,4,0,3,6,0,0,0,10,0,0,0,3,4,0,0,0,0,6,0,0,0,0,0,0,0,0,0,0,7,0,10,3,9,9,7,3,0,40,23,20,51,42,43,55,29,18,3,282,48,0,5,3,9,10,0,0,4,81,6,0,0,0,0,6,3,0,0,18,0,8,14,3,12,12,0,0,0,46,0,3,6,0,6,11,9,6,0,42,3,4,3,8,4,8,3,10,0,51,0,0,14,8,7,3,4,4,0,45,3,3,3,6,9,9,5,5,0,40,3,5,3,11,4,4,4,0,0,36
LGA55740,0,27,34,13,35,28,67,33,20,263,4,13,53,40,33,48,61,27,7,284,3,19,47,27,53,32,27,9,6,225,0,11,43,40,41,33,34,15,8,223,0,22,79,50,59,48,30,13,0,300,0,5,59,39,42,29,11,3,0,190,0,3,53,26,46,36,15,3,0,189,0,0,42,29,30,25,18,3,0,153,0,3,44,59,61,33,20,11,0,235,0,5,14,63,84,56,18,19,5,260,32,12,82,36,49,38,59,53,35,393,355,255,664,550,682,520,477,248,111,3854,378,57,71,71,92,56,46,16,6,792,133,66,25,18,21,29,20,7,3,320,43,77,48,37,28,42,52,24,4,358,23,49,29,35,49,58,70,49,20,378,5,44,65,28,57,56,103,55,29,444,14,31,76,49,42,62,104,48,15,445,3,37,65,42,60,51,51,29,8,348,0,26,81,63,64,47,65,20,8,368
LGA55810,0,0,4,0,0,3,0,0,0,16,0,0,0,3,3,3,0,0,0,14,0,0,0,4,0,3,0,0,0,10,0,0,0,0,3,0,4,0,0,6,0,0,0,4,0,0,3,0,0,7,0,0,4,3,0,0,0,0,0,3,0,0,0,0,4,0,0,0,0,4,0,0,0,0,0,0,0,0,0,3,0,0,0,0,0,0,0,0,0,5,0,0,0,0,0,0,0,0,0,0,3,0,7,7,8,8,10,0,0,47,13,10,23,34,29,37,26,5,3,175,11,0,3,4,0,11,3,0,0,23,3,0,0,0,0,0,0,0,0,8,0,4,7,7,3,6,3,0,0,32,0,0,6,4,9,8,14,0,0,41,0,0,5,0,3,8,7,0,0,31,0,0,0,3,11,4,7,0,0,24,0,0,0,9,3,6,3,0,0,21,0,0,0,3,6,5,6,0,0,19
LGA55880,0,4,0,3,3,4,3,3,0,15,3,0,3,4,3,0,0,0,0,20,0,0,3,0,0,6,0,0,0,10,0,0,3,3,5,3,3,0,0,21,0,0,6,0,5,0,3,0,0,12,0,3,0,0,0,0,0,0,0,8,0,0,0,0,0,0,0,0,0,9,0,0,0,0,0,0,0,0,0,7,0,0,0,0,0,0,0,0,0,7,0,0,0,0,0,0,0,0,0,6,0,0,3,8,3,4,3,0,0,13,3,7,39,43,37,23,23,9,4,186,3,0,8,0,3,3,4,3,0,31,0,0,8,0,3,3,0,0,0,18,0,0,5,12,3,4,6,3,0,31,0,0,3,7,5,11,3,0,3,33,3,4,3,5,6,4,9,6,4,42,3,0,6,7,10,3,3,0,3,34,0,0,0,3,3,11,3,0,0,24,0,3,4,8,10,9,11,0,0,53
LGA55950,0,0,0,0,0,0,3,3,0,20,0,0,3,3,4,3,10,3,0,23,0,0,7,0,3,3,0,0,0,12,0,0,3,7,4,3,0,0,0,17,0,0,3,0,0,7,0,0,0,10,0,0,0,0,0,0,0,0,0,7,0,0,0,0,6,3,0,0,0,9,0,0,3,0,0,0,0,0,0,4,0,0,0,0,0,0,0,0,0,4,0,0,0,0,0,3,0,0,0,4,0,0,3,0,0,5,0,3,0,19,3,9,41,30,32,42,26,21,3,204,3,0,5,7,4,4,4,0,0,23,0,3,3,0,0,3,3,0,0,17,0,0,0,10,12,7,0,3,0,32,0,3,0,8,6,6,15,15,4,52,0,0,3,6,4,3,7,4,0,32,0,0,4,5,6,4,9,9,0,41,3,0,6,3,3,3,0,0,0,22,0,3,8,5,3,12,3,0,0,39
LGA56090,38,72,106,149,174,171,337,206,97,1354,46,99,150,192,259,226,238,86,39,1335,25,98,161,196,274,228,134,70,19,1184,5,86,181,194,280,199,82,20,4,1059,0,71,182,194,309,250,73,12,7,1112,0,32,141,157,222,158,38,11,0,754,0,10,96,142,214,137,31,9,3,638,0,3,37,93,152,87,23,4,0,399,0,3,65,107,187,111,22,5,0,502,0,0,12,54,67,40,9,4,0,185,93,65,121,142,177,141,185,107,91,1124,1177,880,1780,2311,3022,2629,1992,876,354,15023,1092,182,313,340,384,457,207,46,19,3047,565,113,109,139,133,194,139,26,6,1425,234,239,198,214,230,323,356,176,41,2010,100,135,145,182,215,307,740,423,116,2364,96,145,161,198,252,271,591,339,129,2179,108,205,202,237,343,326,446,180,49,2103,43,196,235,270,372,346,277,140,35,1919,17,199,338,312,477,411,234,60,14,2062
LGA56160,0,0,0,0,0,0,0,0,0,0,0,0,0,0,0,0,0,0,0,3,0,0,0,0,3,0,0,0,0,8,0,0,0,0,0,0,0,0,0,6,0,0,0,0,0,0,0,0,0,0,0,0,0,0,0,0,0,0,0,0,0,0,0,0,0,0,0,0,0,0,0,0,0,0,0,0,0,0,0,0,0,0,0,0,0,0,0,0,0,0,0,0,0,0,0,0,0,0,0,0,0,0,5,3,4,3,0,0,0,14,5,5,15,7,12,16,0,0,0,58,3,0,3,4,3,0,0,0,0,12,0,0,0,0,0,0,0,0,0,0,0,3,0,8,0,3,0,0,0,17,0,3,0,0,0,0,0,0,0,4,0,0,0,0,3,0,0,0,0,4,0,0,0,0,0,0,0,0,0,9,0,0,0,0,5,3,0,0,0,10,0,0,3,0,3,3,0,0,0,13
LGA56230,13,42,67,89,87,111,179,115,43,748,15,52,96,114,101,87,121,56,13,659,8,55,64,89,107,102,60,32,5,525,3,33,61,91,93,76,31,15,3,410,3,19,44,62,100,73,33,17,4,352,0,9,27,44,58,35,16,4,0,193,0,4,34,35,51,26,3,3,0,154,0,3,23,26,55,17,6,0,0,119,0,3,20,41,42,31,4,0,0,143,0,0,4,12,14,10,8,3,0,62,60,25,71,80,102,103,120,84,18,666,515,402,825,997,1141,1172,1035,557,152,6791,448,97,169,143,165,236,85,39,12,1392,183,41,53,48,51,78,47,20,4,532,96,92,115,108,136,215,256,97,24,1139,52,69,84,106,122,181,464,301,59,1429,44,69,98,116,123,197,311,231,71,1256,36,86,119,136,133,150,257,119,41,1082,14,92,96,122,154,152,143,79,15,867,10,76,109,143,160,154,98,32,13,799
LGA56300,0,0,4,6,10,19,16,10,3,72,0,3,4,10,16,10,14,3,0,70,0,0,5,3,11,17,7,3,0,45,0,0,3,8,5,6,4,0,0,26,0,0,3,3,8,10,3,0,0,30,0,0,3,0,9,10,0,0,0,21,0,0,0,0,0,0,4,0,0,11,0,0,0,0,0,0,0,0,0,3,0,0,0,0,0,3,0,0,0,7,0,0,0,0,3,0,0,0,0,8,0,0,8,4,14,11,9,4,4,64,17,20,47,59,113,140,106,33,9,547,17,4,9,5,11,26,5,4,0,76,4,5,0,6,8,11,8,0,0,43,0,0,12,10,19,29,28,3,0,108,0,4,8,8,5,20,51,24,3,125,3,4,5,10,20,32,42,9,3,129,0,6,13,13,24,23,28,3,0,105,0,4,12,5,14,30,11,3,0,83,0,3,10,15,21,23,20,0,0,87
LGA56370,0,3,9,0,3,3,4,8,4,37,0,3,3,4,5,3,0,4,0,21,0,0,3,0,3,4,3,0,0,23,0,4,5,0,5,9,0,0,0,26,0,3,5,0,6,3,3,3,0,25,0,0,4,0,0,0,0,0,0,15,0,0,5,0,3,0,0,0,0,11,0,0,0,3,0,0,0,0,0,7,0,0,4,0,3,3,0,0,0,13,0,0,0,0,3,0,3,0,0,10,0,3,6,3,4,7,8,5,7,43,11,18,58,31,52,65,46,32,13,327,5,0,8,4,10,12,3,0,0,45,4,0,8,5,0,0,3,3,0,23,0,0,3,8,7,5,7,4,3,41,0,0,4,4,6,15,17,5,6,62,3,6,9,3,4,6,10,13,6,56,3,5,6,6,9,3,3,4,4,44,3,5,12,4,9,10,5,0,0,42,0,3,19,11,11,20,3,0,0,69
LGA56460,10,12,23,18,27,35,42,42,27,232,5,20,30,31,34,27,19,21,10,183,7,21,25,40,20,27,15,5,6,167,0,14,17,18,36,29,13,3,3,146,0,14,26,33,34,32,13,0,0,152,0,13,17,14,23,16,4,0,0,86,0,3,5,20,19,19,0,0,0,64,0,0,11,14,10,23,3,0,0,58,0,0,12,6,16,14,0,0,0,52,0,0,3,3,0,5,3,0,0,21,31,22,40,27,44,59,36,30,14,299,205,135,294,275,328,385,251,157,86,2110,210,19,34,16,31,40,13,5,7,375,41,5,15,18,9,16,9,4,5,109,16,5,50,21,21,41,56,25,9,251,22,15,43,39,36,52,103,75,14,389,13,20,21,26,43,55,69,61,41,351,11,29,43,44,51,48,48,34,10,313,5,42,46,60,44,58,35,19,8,318,4,43,36,46,73,60,31,10,0,305
LGA56580,12,46,35,57,55,81,118,109,117,633,9,44,57,53,55,87,101,64,44,515,7,20,51,61,92,77,98,49,30,478,3,40,50,84,82,86,79,52,26,500,0,44,86,84,117,116,104,43,15,610,0,27,90,73,98,107,63,9,13,483,0,16,65,102,116,108,68,14,5,490,0,3,45,38,115,83,43,19,0,347,0,3,73,124,181,145,52,22,14,614,0,5,46,215,258,169,58,20,9,774,41,39,53,71,86,98,69,55,54,553,738,688,848,1281,1610,1470,1114,587,389,8723,770,250,149,213,231,170,131,48,8,1970,435,222,49,61,62,64,56,19,7,978,126,260,97,57,78,85,98,63,34,896,44,145,65,61,66,93,130,97,46,756,26,114,75,86,76,108,173,171,158,984,11,104,107,72,82,117,166,100,67,833,12,68,91,92,105,120,158,85,48,765,7,75,97,107,119,122,141,84,36,787
LGA56620,0,8,21,4,9,8,0,0,0,52,0,0,6,5,0,0,0,0,0,15,0,0,0,3,0,0,0,0,0,5,0,0,0,3,0,3,0,0,0,12,0,0,5,4,0,4,0,0,0,18,0,0,3,3,3,3,0,0,0,14,0,0,0,0,0,0,0,0,0,4,0,0,3,0,0,5,0,0,0,6,0,0,5,3,3,3,0,0,0,18,0,0,0,0,0,0,0,0,0,0,20,23,53,39,35,21,20,6,0,222,67,76,164,112,100,72,34,16,0,643,34,0,0,4,3,3,0,0,0,45,13,14,7,8,10,3,0,0,0,51,20,40,81,62,48,25,11,3,0,276,7,23,29,29,18,7,14,3,0,129,0,12,34,9,13,8,3,0,0,84,0,0,9,7,3,0,0,0,0,26,0,0,4,3,3,3,0,0,0,18,3,4,5,4,0,4,0,0,0,20
LGA56730,18,25,47,47,54,72,96,78,32,468,18,40,78,58,57,64,67,19,9,403,0,29,50,48,51,70,32,14,6,297,9,21,53,64,65,69,16,12,0,309,3,21,47,61,71,62,16,4,3,291,0,6,35,39,44,41,3,0,0,172,0,3,29,29,46,35,3,0,0,146,0,0,11,27,22,19,0,0,0,90,0,0,15,22,28,39,6,0,0,105,0,0,4,6,10,10,0,0,0,36,52,26,60,70,78,98,74,55,39,543,322,236,596,646,736,848,587,278,123,4374,248,36,69,70,90,127,53,13,5,716,103,17,40,40,33,44,41,10,3,329,52,64,80,90,92,142,107,45,9,680,23,34,62,71,81,122,308,155,26,877,27,43,69,76,87,123,211,124,51,812,35,60,96,79,80,101,111,48,10,622,15,76,84,79,81,118,79,29,13,568,10,46,91,115,121,132,43,16,5,591
LGA56790,4,3,13,18,21,18,37,17,4,133,0,6,14,23,23,26,4,8,4,113,0,14,14,22,26,27,10,14,0,137,3,5,10,17,17,14,7,0,0,73,0,5,9,14,21,26,11,4,0,78,0,3,7,5,12,12,6,0,0,48,0,0,3,8,7,10,3,0,0,32,0,0,4,3,4,5,0,0,0,22,0,0,10,0,7,11,3,0,0,28,0,0,0,0,7,3,6,0,0,13,8,8,15,18,29,37,26,14,15,179,60,63,126,185,255,300,226,97,30,1339,47,10,16,26,35,46,22,0,7,208,22,7,9,6,16,19,17,6,0,104,3,13,18,28,29,65,49,17,4,234,8,11,14,17,33,71,136,54,8,350,9,5,18,23,42,38,77,36,12,264,4,13,25,30,39,52,29,12,3,198,5,26,26,36,42,49,34,19,0,242,4,7,22,25,38,37,20,3,0,156
LGA56860,0,0,0,0,0,0,0,0,0,10,0,0,0,0,0,0,0,0,0,3,0,3,0,3,0,3,0,0,0,6,0,0,0,0,0,3,0,0,0,4,0,0,0,0,0,8,0,0,0,8,0,0,0,0,0,3,0,0,0,3,0,0,0,0,4,0,0,0,0,5,0,0,0,0,0,0,0,0,0,0,0,0,0,0,0,0,0,0,0,0,0,0,0,0,0,0,0,0,0,0,0,0,0,0,0,3,0,0,0,7,9,10,9,19,16,24,4,7,0,96,10,0,3,3,3,6,0,0,0,20,0,0,0,0,0,3,0,0,0,9,0,0,0,4,0,3,3,0,0,11,0,0,4,4,0,0,5,3,0,24,0,3,0,0,0,3,4,0,0,17,0,3,0,0,0,4,3,4,0,16,0,3,0,3,0,4,0,0,0,16,0,3,3,0,0,5,0,3,0,12
LGA56930,4,3,3,0,3,4,8,0,0,29,0,3,3,3,4,5,5,0,3,36,0,3,5,3,5,3,8,3,0,32,0,3,5,3,8,8,3,7,3,33,0,6,10,3,5,13,8,4,0,51,0,3,4,3,5,5,4,3,3,40,0,0,5,0,7,7,3,0,0,30,0,0,9,3,5,0,3,3,0,28,0,0,3,7,13,19,3,0,0,48,0,0,3,19,26,13,13,6,3,88,9,8,7,11,12,8,6,3,0,71,165,55,75,76,124,120,79,43,26,761,131,12,5,17,22,18,7,4,0,215,49,14,3,0,3,7,0,3,0,82,10,17,3,3,3,5,5,0,0,47,3,5,6,3,9,3,7,6,3,46,5,13,0,0,6,8,3,3,0,38,0,5,3,3,10,5,7,3,3,41,3,10,8,7,3,5,8,9,0,57,0,4,11,4,8,10,7,9,0,57
LGA57000,0,0,0,0,3,5,4,3,0,15,0,0,5,0,0,0,3,0,0,15,0,0,0,0,4,3,0,0,0,8,0,0,4,3,6,0,0,0,0,13,0,0,3,5,5,3,0,0,0,19,0,0,3,3,0,3,0,0,0,13,0,0,0,0,0,0,3,0,0,4,0,0,0,0,0,0,0,0,0,8,0,0,3,0,4,0,0,0,0,6,0,0,0,0,0,4,0,3,0,4,0,0,3,4,6,3,3,0,3,20,4,3,32,26,48,37,19,3,4,179,10,0,3,3,6,13,3,0,0,41,0,0,3,3,3,0,3,0,0,17,0,0,0,3,0,4,0,0,0,14,0,0,3,5,6,0,3,0,0,25,5,0,0,0,4,5,9,3,0,30,3,3,7,0,8,3,5,0,0,27,0,3,5,0,5,4,0,3,0,18,0,3,7,8,8,7,3,0,0,32
LGA57080,20,115,181,38,29,48,72,30,12,548,12,115,190,39,32,44,49,17,6,509,17,97,210,60,31,48,34,17,4,515,10,108,279,62,47,49,29,8,3,595,6,69,338,111,78,59,49,13,0,715,0,64,281,79,62,63,24,8,0,579,3,24,257,70,68,53,21,7,3,502,0,12,183,73,38,34,13,3,6,353,0,13,259,149,97,74,24,12,0,627,0,0,77,113,84,58,30,14,4,367,58,227,639,233,177,140,102,50,19,1631,470,1474,3697,1340,921,861,624,268,93,9741,339,587,614,271,152,144,80,27,3,2225,142,144,105,46,27,39,45,3,4,557,116,253,215,95,63,90,77,41,8,956,51,192,280,79,68,97,153,94,31,1040,33,220,318,85,74,89,148,73,25,1061,24,198,377,77,54,80,91,36,17,967,21,181,393,104,63,74,78,38,5,955,21,199,542,148,104,88,86,21,6,1216
LGA57140,3,0,11,3,10,10,14,11,8,62,0,0,3,10,3,11,5,9,0,40,0,0,9,0,5,7,4,3,0,26,0,0,6,0,11,7,3,3,0,32,0,3,0,0,3,4,0,3,0,15,0,0,0,4,0,0,0,0,0,14,0,0,0,0,0,7,0,0,0,7,0,0,3,0,3,3,0,0,0,10,0,0,0,0,0,4,0,0,0,7,0,0,0,0,0,4,3,0,0,4,3,3,7,3,8,17,8,3,0,65,26,11,63,48,87,110,76,47,9,470,20,0,10,12,9,20,7,0,3,76,6,3,3,10,7,3,3,3,0,42,7,3,14,11,23,17,15,0,0,84,0,7,10,4,11,20,44,25,4,118,3,0,11,4,18,22,28,12,6,101,0,0,3,13,9,18,12,13,0,69,4,0,11,3,5,11,11,3,0,52,0,0,9,0,17,12,11,4,0,69
LGA57210,4,10,22,31,28,37,51,37,17,222,8,16,29,31,42,34,33,14,11,214,8,12,22,30,34,28,19,7,3,148,3,12,17,22,35,31,11,10,5,142,0,4,10,31,39,32,11,11,3,140,0,0,10,11,24,16,5,0,0,68,0,0,0,7,12,12,6,0,0,41,0,0,0,5,5,8,0,0,0,25,0,0,0,10,6,9,3,3,3,36,0,0,3,0,8,5,3,0,0,21,26,17,12,34,34,46,35,16,19,226,140,94,190,307,391,400,318,140,67,2046,115,22,26,40,46,62,20,3,3,345,48,14,8,16,26,38,20,5,0,173,28,18,31,55,55,93,53,28,3,362,12,8,26,29,44,74,164,63,18,453,16,13,30,44,41,75,112,63,28,410,18,25,46,43,57,62,59,29,14,359,11,19,38,41,60,44,41,20,4,285,4,30,53,62,80,69,43,17,5,353
LGA57280,12,13,42,39,43,14,17,14,8,196,18,40,75,63,41,34,12,3,0,272,8,36,78,59,43,22,3,0,0,253,12,49,110,63,68,30,6,0,0,334,7,45,125,88,100,48,9,3,0,425,0,35,122,76,61,37,5,0,0,332,0,28,115,66,68,36,3,0,0,317,0,21,95,59,29,13,5,0,0,224,0,20,139,98,69,32,10,0,0,361,0,5,44,40,22,10,0,0,0,122,77,85,253,179,157,95,31,8,5,889,350,472,1595,1076,885,482,156,48,19,5083,257,86,269,140,102,82,29,5,0,971,102,15,49,46,34,13,4,0,0,266,50,34,98,78,80,39,21,8,0,403,19,31,80,56,62,39,54,26,8,366,15,18,60,54,52,30,28,16,12,294,26,50,87,69,51,37,21,7,0,356,16,52,112,71,59,42,12,8,3,377,27,79,163,87,84,61,10,3,0,510
LGA57350,3,0,3,3,11,4,17,12,3,57,0,0,3,6,14,6,8,5,3,51,0,0,3,3,10,10,0,0,0,25,0,0,5,0,7,3,3,4,3,27,0,0,4,0,5,3,0,0,0,16,0,0,4,0,3,3,3,4,0,21,0,0,3,3,4,4,0,0,0,13,0,0,3,0,0,0,0,0,0,6,0,0,0,3,5,4,0,0,0,14,0,0,0,0,5,3,0,0,0,9,0,0,4,6,12,15,10,10,4,58,16,17,44,46,83,91,67,44,20,433,13,0,4,3,9,16,9,0,0,49,5,0,0,0,3,7,0,4,0,18,4,0,12,4,13,23,10,0,0,69,3,6,10,7,9,19,40,19,4,114,3,0,7,5,7,13,30,16,6,95,4,3,10,5,18,10,19,4,3,82,3,3,7,4,12,14,9,3,0,51,3,4,13,0,10,17,3,7,3,59
LGA57420,0,3,4,7,7,18,19,18,4,77,0,4,11,9,3,12,10,3,0,60,0,3,9,4,14,3,5,3,0,43,0,0,3,4,15,5,3,3,0,36,0,3,7,5,3,8,10,0,0,33,0,0,4,5,9,3,0,0,0,20,0,0,3,4,3,4,3,0,0,19,0,0,6,3,0,6,0,0,0,18,0,0,8,4,6,3,3,0,0,28,0,0,3,0,5,0,0,0,0,10,0,3,20,17,8,15,14,3,0,86,8,33,111,95,116,118,116,46,7,646,19,3,17,18,28,22,7,0,0,115,4,0,10,8,3,7,10,0,0,40,0,8,9,8,18,16,23,7,0,86,0,0,9,9,7,25,53,15,0,125,0,3,6,10,13,28,35,22,3,131,0,12,13,12,18,20,25,16,0,106,3,9,13,7,12,11,14,7,0,78,0,3,13,14,23,13,8,3,0,82
LGA57490,158,351,591,553,539,500,934,611,242,4471,144,513,878,842,784,510,489,257,119,4536,64,526,822,766,801,464,249,109,50,3847,27,445,819,835,895,509,143,64,19,3756,17,329,924,745,912,467,98,38,11,3532,3,139,580,546,595,321,37,10,4,2241,0,38,414,428,462,219,29,4,0,1595,0,19,211,270,283,135,18,3,3,940,0,13,204,289,369,157,30,7,5,1078,3,7,53,78,102,49,17,8,3,328,324,412,761,588,640,501,456,427,228,4330,4020,4151,9278,8782,8666,6306,4556,2593,1025,49377,3574,769,1634,1431,1333,1363,439,148,36,10733,1759,388,553,486,344,403,267,80,28,4315,773,778,982,845,719,867,875,446,97,6378,361,535,780,716,677,919,2009,1359,412,7769,347,570,772,701,712,769,1534,1006,367,6776,308,851,1113,1011,980,801,962,495,185,6702,160,981,1218,1018,1078,735,557,282,94,6128,96,959,1559,1363,1419,939,393,120,52,6892
LGA57630,0,0,0,0,0,0,0,0,0,3,0,0,0,0,0,0,0,0,0,0,0,0,0,0,0,0,0,0,0,0,0,0,0,0,3,0,0,0,0,3,0,0,0,0,3,3,0,0,0,7,0,0,0,0,0,0,0,0,0,3,0,0,0,0,0,0,0,0,0,0,0,0,0,0,0,0,0,0,0,0,0,0,0,0,0,0,0,0,0,0,0,0,0,0,0,0,0,0,0,0,0,0,0,0,3,3,3,0,0,4,0,0,0,0,9,12,9,0,0,32,0,0,0,4,0,3,3,0,0,12,0,0,0,0,3,0,0,0,0,3,0,0,0,0,0,4,0,3,0,9,0,0,0,0,0,0,4,0,0,4,0,0,0,0,0,0,7,0,0,5,0,0,0,0,3,3,3,0,0,7,0,0,0,0,0,3,0,0,0,4,0,0,0,0,3,0,0,0,0,7
LGA57700,40,67,127,118,98,92,96,64,17,722,25,101,198,163,156,107,78,31,12,877,19,135,185,180,168,111,48,18,0,855,5,119,241,187,171,117,26,0,0,863,0,80,272,194,174,112,21,7,0,858,0,37,153,111,122,80,12,0,0,516,0,6,92,90,100,42,7,3,0,353,0,5,56,63,63,44,3,0,0,241,0,0,43,73,74,36,11,0,0,242,0,0,15,34,31,12,3,3,0,98,65,65,151,127,125,84,65,34,9,725,846,935,2231,1863,1788,1303,739,319,103,10132,723,162,393,321,291,318,118,29,11,2369,341,82,122,96,92,77,60,15,4,880,146,142,188,136,139,150,153,57,13,1118,87,92,156,123,143,137,361,198,70,1380,95,106,161,149,130,128,204,110,30,1113,80,158,255,197,213,153,146,75,19,1295,45,234,283,251,229,177,114,36,9,1374,27,250,463,296,304,213,73,13,0,1638
LGA57770,0,3,7,3,3,3,10,0,3,34,0,3,6,0,9,14,6,0,0,36,0,8,6,3,8,5,5,0,0,33,3,3,7,3,12,4,0,0,0,28,0,0,4,6,3,3,0,0,0,19,0,3,3,3,4,0,0,0,0,15,0,0,0,4,0,0,0,0,0,8,0,0,0,0,0,0,0,0,0,7,0,0,0,0,0,0,0,0,0,7,0,0,0,0,0,0,0,0,0,0,0,3,11,7,3,3,10,3,0,44,11,24,70,60,57,59,57,13,5,357,6,0,15,7,3,13,3,0,0,51,0,0,3,11,0,3,7,0,0,20,0,3,4,3,11,10,13,4,0,47,3,3,9,16,6,22,30,10,0,101,0,3,7,8,3,12,23,8,7,69,4,3,7,3,8,17,8,0,0,58,0,9,16,5,5,16,9,8,0,67,3,9,16,10,20,12,4,0,0,79
LGA57840,39,173,138,107,122,181,292,259,136,1441,29,151,208,152,174,167,227,123,97,1335,17,161,209,149,180,199,169,56,44,1182,7,147,279,192,214,213,122,45,34,1255,3,115,446,228,237,255,118,40,28,1463,0,71,353,186,242,184,70,14,9,1136,3,38,300,208,201,167,55,8,7,988,0,5,204,167,158,142,36,11,9,738,0,3,236,276,287,228,40,9,8,1086,0,7,71,182,201,118,50,14,5,643,95,137,288,203,196,208,182,187,271,1770,1223,1832,3487,2719,2764,2795,1879,1070,778,18544,1314,627,581,429,356,422,194,76,26,4032,546,301,113,136,82,130,82,44,14,1440,299,484,302,175,187,231,220,121,45,2063,101,300,247,164,158,247,384,259,126,1987,67,292,267,171,189,247,449,366,196,2244,60,306,373,210,237,247,391,212,121,2158,36,284,368,228,248,289,311,111,69,1933,25,266,589,302,311,336,273,100,47,2239
LGA57910,118,532,925,821,774,982,1651,1430,793,8025,121,606,1365,1105,997,954,1035,645,326,7150,59,659,1570,1182,1025,861,711,377,153,6586,25,670,1901,1218,1192,939,520,222,106,6796,10,543,2388,1363,1291,1066,412,141,71,7282,7,290,1927,1100,1022,720,218,55,22,5348,3,117,1529,1022,945,633,163,45,17,4465,0,37,1012,766,684,440,90,30,8,3062,0,31,1080,1228,1011,630,136,36,24,4178,7,11,263,572,505,281,82,53,25,1794,376,527,1569,1044,854,814,844,832,791,7643,5420,6735,19715,15257,13184,11640,9079,6129,3122,90275,5014,1502,2756,2106,1488,1635,929,399,137,15971,2630,985,675,720,550,647,490,271,79,7031,1101,1698,1648,1309,1213,1432,1338,914,358,11005,439,1170,1480,1144,1167,1463,2602,2484,773,12725,261,1129,1652,1238,1193,1520,2568,2178,1080,12820,268,1206,2201,1571,1444,1428,1840,1121,483,11563,129,1225,2827,1843,1607,1410,1329,762,274,11399,66,1259,3914,2253,2072,1702,1076,465,212,13011
LGA57980,15,55,66,56,39,61,100,85,41,513,10,51,127,64,60,53,100,64,30,554,0,54,89,55,65,70,80,38,10,459,3,49,127,78,70,73,78,28,18,517,3,47,179,87,98,93,74,25,7,601,0,31,183,86,88,81,43,17,0,536,0,16,165,81,92,79,43,11,5,491,0,5,127,72,91,65,20,5,10,391,0,7,148,136,149,117,43,16,4,625,0,0,38,152,133,84,28,12,4,455,39,57,166,94,74,89,89,102,106,822,552,894,1793,1325,1151,1084,916,541,277,8522,450,464,312,251,129,132,96,27,19,1884,292,182,81,65,49,46,38,28,9,785,130,270,168,69,54,85,77,58,22,948,33,144,121,71,57,76,156,118,44,820,26,120,134,90,60,109,175,132,52,893,21,112,255,101,83,84,167,111,32,970,9,90,164,96,90,97,146,67,22,780,5,89,238,118,102,119,138,68,33,899
LGA58050,132,398,635,621,548,521,769,486,197,4310,128,521,1009,913,763,575,429,175,74,4581,61,526,1010,896,905,598,245,89,31,4369,27,569,1164,954,1002,610,170,49,22,4572,14,333,1180,973,1039,639,140,43,3,4370,0,169,801,641,681,369,62,10,0,2727,0,47,556,516,505,302,39,3,3,1976,0,21,266,329,357,177,34,6,4,1198,3,20,216,352,409,213,39,7,0,1257,0,3,45,118,107,53,15,10,5,355,366,446,892,828,698,510,461,339,280,4813,4303,4716,10825,9976,9337,6941,4358,2085,853,53385,4151,943,1754,1441,1219,1328,571,164,53,11613,1855,558,536,461,368,394,264,82,18,4532,871,991,1142,938,843,937,835,426,96,7088,376,668,803,822,808,931,1799,1026,259,7499,334,687,898,829,792,832,1292,791,276,6728,308,943,1396,1199,1037,890,829,365,114,7081,162,1013,1658,1336,1330,973,533,201,72,7275,87,1140,2336,1781,1850,1242,410,113,46,8992
LGA58190,0,0,3,3,3,3,8,3,0,22,0,0,3,3,4,0,0,0,0,16,0,4,3,3,0,0,0,0,0,12,0,0,3,0,4,0,3,0,0,12,0,0,0,0,4,0,0,0,0,5,0,0,3,0,0,0,0,0,0,6,0,0,0,0,0,4,0,0,0,5,0,0,0,0,0,0,0,0,0,3,0,0,0,0,0,0,0,0,0,4,0,0,0,0,3,0,0,0,0,3,0,3,9,0,4,6,3,0,0,29,3,8,34,24,29,21,21,9,3,147,5,0,0,0,0,4,0,0,0,16,0,0,0,0,0,0,0,0,0,4,0,0,0,11,0,0,5,0,0,23,0,0,3,3,4,4,12,3,0,29,0,0,6,3,3,8,7,3,0,33,0,3,4,6,6,3,3,0,0,27,0,5,3,4,3,3,0,3,0,24,0,0,9,6,4,4,3,0,0,25
LGA58260,0,3,4,0,4,0,8,0,3,25,0,0,3,0,5,3,3,0,3,18,0,0,4,4,3,3,0,0,0,12,0,0,0,10,3,3,0,0,0,18,0,0,5,0,3,3,0,0,0,6,0,0,0,0,0,3,0,0,0,9,0,0,0,3,0,0,0,0,0,11,0,0,0,0,0,0,0,0,0,3,0,0,0,0,0,3,0,0,0,5,0,0,0,4,0,0,0,0,0,6,3,4,3,3,0,7,3,0,0,23,3,14,43,39,32,46,32,3,8,224,7,0,8,9,11,9,4,0,3,44,0,0,0,0,3,5,4,3,0,13,0,4,8,3,4,9,3,0,0,32,0,0,5,0,3,11,16,3,0,41,0,3,8,0,3,7,15,0,5,42,0,3,7,3,5,9,9,3,3,35,0,0,5,4,4,3,4,0,0,17,7,3,3,12,12,5,9,0,0,41
LGA58330,3,7,8,15,30,30,49,31,5,181,4,7,22,13,22,33,39,14,0,150,0,11,13,24,28,34,21,6,0,141,0,10,14,14,39,20,10,0,0,116,0,8,19,17,38,32,6,0,0,116,0,3,12,13,20,18,9,0,0,74,0,0,9,3,21,16,8,0,0,62,0,0,4,3,12,12,0,0,0,29,0,0,3,3,19,12,4,0,0,44,0,0,4,6,3,6,3,3,0,20,17,15,20,20,41,45,43,11,0,211,105,77,167,208,417,441,330,118,20,1872,95,9,23,42,68,106,35,4,4,379,42,14,5,7,20,36,21,4,0,144,23,20,23,33,50,75,82,25,0,332,6,4,16,12,33,75,147,58,10,362,10,14,12,24,43,48,123,54,12,335,11,9,22,25,46,55,85,34,3,292,0,24,14,33,42,60,46,23,0,242,3,22,23,22,67,49,21,9,0,219
LGA58400,0,0,0,6,4,5,0,3,3,19,0,0,0,3,10,0,0,0,0,10,0,0,0,0,0,0,0,0,0,3,0,0,0,0,3,3,3,0,0,10,0,0,3,0,4,0,0,0,0,6,0,0,0,0,0,3,0,0,0,4,0,0,0,0,0,0,0,0,0,0,0,0,0,0,0,0,0,0,0,0,0,0,0,0,0,0,0,0,0,0,0,0,0,0,0,0,0,0,0,4,0,4,3,3,9,6,4,3,5,26,6,5,9,16,35,16,23,11,5,133,3,0,0,0,3,0,3,0,0,13,0,0,0,0,0,3,0,0,3,7,0,0,5,0,3,10,5,0,0,26,0,0,3,0,4,3,8,3,0,28,0,3,0,4,9,10,3,3,3,32,0,4,0,0,9,0,3,3,0,24,0,0,0,3,0,0,3,3,0,13,0,5,3,0,7,6,7,0,0,26
LGA58470,0,4,0,0,0,0,0,0,0,3,0,3,3,3,0,0,0,0,0,9,0,3,0,3,0,0,0,0,0,6,0,0,3,0,0,3,0,0,0,9,0,0,0,0,0,0,0,0,0,0,0,0,0,0,0,0,0,0,0,0,0,0,0,0,0,0,0,0,0,0,0,0,0,0,0,0,0,0,0,0,0,0,0,0,0,3,0,0,0,0,0,0,0,0,0,0,0,0,0,0,5,3,8,0,7,4,0,0,0,22,10,16,21,10,9,9,3,0,0,78,3,0,3,0,3,0,0,0,0,9,0,0,3,0,0,0,3,0,0,4,3,3,7,4,12,0,5,3,0,32,0,3,5,0,0,3,3,0,0,17,0,4,0,3,0,3,0,0,0,10,0,3,3,3,0,0,0,0,0,13,0,3,0,3,0,0,0,0,0,6,0,0,3,0,0,3,0,0,0,9
LGA58510,30,163,217,127,90,136,198,195,149,1300,26,138,242,145,118,107,117,69,77,1049,15,118,259,181,123,92,80,40,24,933,3,110,393,183,170,95,58,19,7,1045,0,103,443,221,172,150,49,14,15,1159,0,57,378,173,157,112,33,5,3,913,0,23,261,180,117,99,21,3,7,707,0,6,194,146,99,66,13,0,0,529,0,9,231,235,195,83,17,7,3,769,0,3,49,101,88,41,8,0,4,301,61,137,433,227,184,169,144,204,402,1966,810,1565,4036,2513,1945,1596,1099,810,788,15160,719,581,709,386,244,279,115,28,15,3072,317,170,160,121,87,94,61,26,8,1042,187,406,350,197,172,176,156,109,50,1791,90,292,303,151,175,193,322,288,116,1928,55,269,382,206,161,219,361,294,198,2137,58,290,480,235,178,193,232,134,113,1918,29,261,511,290,206,176,145,76,42,1734,16,266,793,362,317,193,138,35,26,2142
LGA58540,0,0,4,3,6,3,12,4,0,30,0,0,0,3,3,3,3,0,0,21,0,0,3,5,9,5,0,0,0,20,0,0,11,4,14,5,4,0,0,40,0,0,0,4,6,4,3,0,0,24,0,0,0,0,6,3,0,0,0,10,0,0,3,7,3,3,0,0,0,14,0,0,0,0,0,0,0,0,0,3,0,0,0,0,0,0,0,0,0,3,0,0,0,0,3,3,0,0,0,7,3,0,3,4,7,3,3,3,0,32,19,9,48,57,76,54,48,15,0,328,22,0,7,9,14,20,3,0,0,75,5,0,4,10,3,3,0,0,0,26,0,0,3,10,9,8,8,4,0,46,3,5,3,7,5,13,18,9,3,66,0,0,7,6,8,3,17,3,0,52,0,0,3,3,9,13,9,7,0,46,0,3,12,7,15,9,3,0,0,55,3,4,14,13,24,20,8,0,0,86
LGA58570,29,146,181,104,102,87,128,159,129,1073,15,134,234,130,117,120,101,53,39,941,7,137,273,147,138,111,67,33,14,912,3,128,365,182,126,100,48,23,5,993,0,107,510,230,197,123,42,14,4,1227,0,55,457,190,163,111,26,5,0,1011,0,20,386,192,148,101,20,0,3,872,0,10,257,174,132,78,15,0,0,668,0,8,388,344,259,138,31,3,0,1167,0,3,121,245,121,65,8,7,3,574,100,143,442,217,151,143,104,95,102,1506,672,1351,4276,2694,2026,1597,912,648,453,14617,506,268,456,320,189,194,102,52,16,2103,282,151,123,106,81,86,49,28,11,920,129,256,253,181,160,180,141,114,50,1466,35,210,312,161,155,226,279,249,132,1751,41,241,342,188,172,169,251,218,173,1793,39,232,403,196,178,203,182,100,55,1578,10,231,492,218,195,176,115,57,28,1530,14,227,706,334,233,197,110,38,18,1870
LGA58610,0,0,3,12,15,25,19,21,16,113,0,3,7,10,8,13,7,3,0,66,3,7,7,6,8,16,10,3,7,60,0,6,6,14,19,15,5,3,0,65,0,0,8,5,8,16,6,0,4,46,0,0,4,3,9,3,0,0,0,22,0,0,0,3,3,0,0,0,0,14,0,0,0,0,4,3,0,0,0,10,0,0,0,7,7,4,0,0,0,18,0,0,0,6,3,3,3,0,0,7,7,0,5,8,14,20,16,13,10,97,49,33,73,107,125,169,116,66,38,772,34,9,12,9,11,22,0,0,0,94,11,7,9,3,7,4,8,4,0,54,12,14,8,14,18,25,24,12,3,127,3,3,11,9,21,30,54,29,6,168,4,3,11,13,19,34,60,36,19,200,5,3,13,19,15,21,21,11,3,116,3,4,9,14,18,16,15,10,3,105,3,14,9,23,26,29,15,5,0,122
LGA58680,0,0,0,0,0,0,0,3,0,9,0,0,0,0,3,3,0,0,0,6,0,0,0,0,6,0,4,0,0,9,0,0,0,6,0,4,3,0,0,14,0,0,0,0,3,0,0,0,0,3,0,0,0,3,8,3,0,0,0,11,0,0,0,0,3,0,0,0,0,6,0,0,4,0,7,0,0,0,0,8,0,0,0,0,0,0,0,0,0,8,0,0,0,3,0,0,0,0,0,3,0,0,4,4,3,4,4,0,0,25,3,7,19,30,40,33,16,12,0,167,3,0,6,10,10,8,3,0,0,40,0,0,3,3,3,0,0,0,0,8,0,3,0,3,5,12,4,4,0,27,4,0,0,0,3,6,10,9,4,28,3,0,0,0,3,6,3,3,0,15,0,0,3,0,3,5,4,0,0,19,0,3,6,0,6,4,3,0,0,20,0,0,3,6,5,4,4,3,0,28
LGA58760,202,586,917,887,896,680,1139,755,307,6379,172,706,1410,1334,1186,712,609,310,107,6554,113,805,1451,1294,1303,707,325,150,53,6199,42,659,1627,1438,1399,722,223,57,32,6199,23,460,1680,1338,1414,762,145,44,19,5886,4,211,1129,964,915,507,83,7,10,3832,3,57,804,751,723,316,44,5,7,2700,0,19,426,510,472,195,37,10,3,1677,0,10,356,574,548,208,30,8,5,1741,0,12,74,135,135,70,27,19,6,489,528,471,1040,874,838,617,488,421,310,5592,6541,6308,15245,14373,12951,8650,5823,3084,1164,74141,6082,1392,2423,2173,1717,1772,723,214,54,16545,2947,801,684,678,529,454,351,148,29,6625,1318,1347,1546,1372,1128,1248,1154,545,121,9788,543,908,1165,1146,988,1182,2416,1468,347,10158,500,1006,1265,1168,1219,1023,1810,1194,458,9645,436,1342,1904,1721,1607,1092,1181,610,174,10060,247,1526,2335,1905,1858,1199,715,343,97,10216,128,1422,3115,2526,2423,1435,552,134,59,11808
LGA58820,5,9,14,13,29,30,41,31,12,183,3,17,25,32,22,28,26,13,3,170,6,6,18,30,16,18,10,9,5,122,3,0,13,17,19,22,11,0,4,92,0,7,7,8,15,16,9,0,0,64,0,3,9,10,12,7,4,0,0,46,0,0,3,10,8,8,3,0,0,39,0,0,8,3,6,3,0,0,0,24,0,0,10,3,14,4,0,0,0,31,0,0,3,0,6,3,0,0,0,13,21,7,27,28,27,41,46,48,26,255,118,87,200,232,298,304,244,153,59,1698,98,22,32,29,43,63,29,9,5,334,28,7,15,20,21,20,16,7,0,125,15,17,31,35,46,50,41,24,3,267,12,13,16,21,39,55,103,48,11,318,17,10,22,18,41,56,66,54,16,298,8,26,28,30,28,40,48,30,15,259,5,23,25,40,35,34,24,11,7,210,3,6,22,31,39,45,19,8,4,177
LGA58890,0,0,0,10,3,6,3,3,0,33,3,0,3,3,8,5,3,3,0,34,0,0,7,0,8,3,0,4,3,29,0,0,4,0,3,9,3,5,0,30,0,0,3,3,6,3,0,0,0,17,0,0,0,0,3,0,0,0,0,8,0,0,0,0,0,0,0,0,0,5,0,0,0,0,0,0,3,0,0,10,0,0,0,3,4,3,0,0,0,5,0,0,0,0,0,0,0,0,0,3,0,0,3,4,5,8,0,0,0,28,14,8,38,45,75,61,36,29,5,313,15,3,8,3,5,6,0,0,0,40,5,0,0,3,4,4,5,0,0,20,0,0,7,9,7,11,6,5,0,51,0,3,12,5,14,16,19,3,6,68,0,0,0,11,8,14,16,8,4,58,7,3,6,8,17,14,10,3,4,60,0,3,8,3,14,9,3,6,4,54,0,3,7,9,11,14,7,5,0,57
LGA59030,0,0,0,0,0,4,0,5,0,9,0,0,0,0,3,0,0,0,0,5,0,0,0,0,0,0,0,0,0,4,0,0,0,3,7,0,0,0,0,17,0,0,0,7,0,3,0,0,0,9,0,0,0,3,0,0,0,0,0,4,0,0,0,0,3,0,0,0,0,9,0,0,3,0,0,0,0,0,0,3,0,0,0,0,0,0,0,0,0,3,0,0,0,0,4,0,0,0,0,4,3,0,3,5,3,4,0,0,0,18,3,6,14,23,17,25,10,9,0,106,0,0,6,3,0,8,0,0,0,19,0,0,0,0,0,0,0,0,0,0,0,0,3,0,0,3,0,0,0,9,0,0,0,0,0,3,4,3,0,16,0,0,0,0,0,5,3,5,0,11,0,0,0,0,3,0,3,3,0,12,0,0,3,0,3,3,0,0,0,9,0,0,0,3,6,4,0,0,0,19
LGA59100,0,3,3,3,11,3,4,13,0,37,0,0,4,3,7,5,4,0,0,26,0,0,3,3,7,7,3,3,0,26,0,0,3,0,8,4,0,0,0,18,0,0,3,0,4,3,3,0,0,19,0,0,3,0,0,0,0,0,0,3,0,0,0,0,0,7,0,0,0,10,0,0,0,0,3,3,0,0,0,8,0,0,0,3,0,3,0,0,0,11,0,0,0,0,0,0,0,0,0,4,0,0,0,4,4,11,5,0,3,29,13,12,41,37,51,51,31,34,7,278,13,0,5,3,3,3,0,0,0,26,3,0,8,3,0,6,3,0,0,22,0,3,5,4,13,10,0,3,0,40,0,3,5,4,11,10,24,9,4,73,0,3,5,5,10,5,7,10,5,60,0,0,5,3,16,15,8,0,0,50,0,5,7,11,6,16,9,3,0,49,0,4,14,9,9,3,5,0,0,47
LGA59170,0,0,0,3,7,4,11,3,0,31,0,4,3,3,8,4,4,0,0,28,0,0,6,3,7,5,4,0,0,28,0,0,3,6,7,6,6,3,0,35,0,0,10,9,5,8,3,4,0,36,0,3,3,3,4,6,0,0,0,21,0,0,0,4,3,4,3,0,0,15,0,0,3,5,3,4,3,0,0,13,0,0,0,4,0,3,0,0,0,9,0,0,0,0,0,0,0,0,0,3,0,0,7,3,5,12,8,3,0,44,12,16,55,62,58,96,50,27,4,375,13,7,5,7,3,14,0,0,0,44,0,0,5,6,3,3,0,4,4,19,0,0,9,3,3,13,5,3,0,46,0,0,7,5,0,13,18,11,3,57,0,3,0,3,11,8,15,8,0,52,0,9,10,3,5,16,13,3,3,58,0,4,15,7,16,13,4,5,0,63,4,0,10,4,15,15,5,7,0,74
LGA59250,0,0,3,0,4,0,3,0,0,9,0,0,3,0,0,0,0,0,0,6,0,0,3,0,0,0,0,0,0,9,0,0,0,4,0,3,0,0,0,9,0,0,3,0,3,0,0,0,0,9,0,0,4,3,3,0,0,0,0,10,0,0,6,0,3,4,0,0,0,14,0,0,3,0,0,0,0,0,0,4,0,0,6,0,0,0,0,0,0,13,0,0,0,0,0,3,0,0,0,4,0,3,10,10,0,7,0,0,0,32,9,17,57,45,33,29,5,5,0,198,6,3,5,5,0,0,0,0,0,21,10,3,0,3,4,0,5,0,0,26,9,7,15,13,17,11,0,4,0,71,0,0,3,5,7,3,8,0,0,28,0,0,5,5,4,0,4,0,0,21,0,0,3,3,3,0,3,0,0,16,0,0,3,3,0,0,0,0,0,15,0,0,12,3,8,3,0,0,0,23
LGA59310,0,0,7,7,12,4,10,6,0,55,3,3,10,3,8,9,5,0,3,49,0,3,3,9,14,8,0,0,0,35,0,4,7,7,9,16,4,0,0,44,0,0,7,10,8,11,3,0,0,35,0,0,4,10,6,3,0,0,0,29,0,0,5,4,6,6,0,0,0,18,0,0,3,0,3,0,0,0,0,5,0,0,3,3,0,3,0,3,0,10,0,0,0,4,3,3,3,0,0,14,0,3,5,4,3,4,4,3,0,32,10,21,87,84,87,99,61,26,20,485,15,3,3,6,10,17,6,0,4,60,3,3,13,5,10,6,7,0,0,50,3,4,11,11,13,18,13,7,3,75,3,0,10,14,8,12,34,4,8,91,3,4,7,11,15,21,23,12,5,94,5,7,11,3,13,11,15,0,3,77,0,7,9,9,14,16,9,3,0,74,0,10,15,19,13,29,3,0,0,95
LGA59320,0,0,0,0,3,3,5,0,0,17,0,0,4,3,0,10,0,0,0,15,0,0,3,3,4,0,0,0,0,8,0,0,4,0,0,0,0,0,0,12,0,0,3,0,3,3,0,0,0,9,0,0,0,3,0,3,0,0,0,9,0,0,0,3,3,0,0,0,0,9,0,0,0,0,3,0,0,0,0,6,0,0,0,3,0,0,0,0,0,6,0,0,3,0,0,0,0,0,0,5,0,3,0,3,3,0,0,0,0,12,4,13,23,28,38,25,15,4,0,151,3,0,0,3,4,4,0,0,0,18,0,0,0,0,4,0,0,0,0,3,0,6,4,0,6,8,7,0,0,26,0,0,4,3,5,8,5,3,0,33,0,3,0,0,4,6,14,0,0,26,3,3,4,3,4,10,0,0,0,24,0,0,5,8,4,5,4,0,0,21,0,5,10,4,3,3,3,0,0,25
LGA59330,0,0,3,0,5,13,6,5,3,30,0,0,0,4,3,7,3,4,0,24,0,0,0,0,0,3,3,0,0,12,0,0,0,4,3,0,0,3,0,12,0,0,0,3,3,0,0,0,0,4,0,0,3,0,0,0,0,0,0,11,0,0,0,0,0,5,0,0,0,7,0,0,0,0,0,0,0,0,0,3,0,0,0,0,0,0,0,0,0,8,0,0,0,0,0,0,0,0,0,0,0,0,5,3,8,8,3,5,7,38,3,8,24,23,34,46,32,29,19,209,3,0,6,0,3,3,0,3,0,25,0,0,0,3,3,3,0,0,0,10,0,0,8,0,3,10,9,3,0,29,3,0,3,7,9,5,21,9,3,59,0,3,3,7,5,11,14,9,7,58,0,3,3,4,3,10,3,5,0,42,0,0,0,3,0,8,0,0,0,18,0,4,3,7,7,4,7,0,0,37
LGA59340,5,14,28,24,16,20,18,6,0,143,13,14,39,29,33,31,9,0,0,165,4,21,45,37,42,28,11,0,0,190,13,34,64,45,40,38,7,3,0,248,6,18,83,57,43,33,10,0,0,243,3,25,60,41,42,32,4,0,0,205,0,6,45,27,35,31,8,0,0,153,0,0,26,32,29,17,0,0,0,103,0,0,23,39,44,22,0,0,0,137,0,0,9,13,8,8,3,0,0,41,44,32,94,81,91,57,30,12,4,445,211,235,672,544,532,389,144,41,13,2784,126,32,47,45,26,31,16,0,0,315,55,8,20,21,15,13,11,3,0,149,45,61,119,82,77,61,26,13,3,487,24,26,60,55,62,55,61,18,5,369,19,22,46,36,34,42,44,9,0,251,22,25,56,41,45,45,21,4,0,259,20,49,74,63,65,50,23,3,0,342,15,81,118,82,82,82,15,5,0,479
LGA59350,0,0,0,0,0,0,0,0,0,3,0,0,3,0,0,0,0,0,0,5,0,0,3,0,0,0,0,0,0,5,0,0,0,0,3,3,0,0,0,3,0,0,0,4,3,0,0,0,0,4,0,0,4,3,0,0,0,0,0,15,0,0,3,0,0,0,0,0,0,3,0,0,3,0,0,3,0,0,0,3,0,0,4,3,0,0,0,0,0,13,0,0,0,0,0,0,0,0,0,0,0,7,3,6,3,9,0,0,0,26,8,10,18,12,21,23,3,7,3,110,4,0,0,3,3,0,0,0,0,14,0,0,0,0,0,3,0,0,0,3,3,0,0,0,5,3,0,3,0,14,0,0,0,0,3,3,3,0,0,13,0,0,0,3,0,0,3,0,0,10,0,3,3,0,3,5,0,0,0,9,0,0,3,0,0,0,0,0,0,8,0,0,0,5,3,3,0,0,0,13
LGA59360,0,4,6,0,3,0,11,3,7,30,0,0,0,7,11,3,5,3,0,31,0,7,3,3,10,3,3,0,0,27,0,0,5,7,4,7,4,0,0,22,0,0,0,7,4,7,3,0,0,24,0,0,4,3,4,0,0,0,0,21,0,0,0,0,5,0,0,0,0,12,0,0,0,3,4,0,0,0,0,8,0,0,9,0,10,3,0,0,0,20,0,0,0,0,0,0,0,0,0,9,0,6,11,10,14,9,7,3,3,69,15,21,57,61,93,60,54,20,7,396,19,8,18,6,9,11,7,0,0,74,0,0,3,4,0,10,0,0,0,23,3,3,6,10,21,15,8,6,0,72,3,3,6,6,3,13,19,16,0,67,3,4,9,0,6,5,17,7,7,54,0,4,3,6,19,9,10,8,0,61,0,3,10,3,16,18,6,3,0,68,0,0,5,5,6,14,10,3,0,52
LGA59370,3,7,11,18,20,36,52,34,9,192,4,3,14,16,20,26,28,9,9,130,0,8,15,18,35,16,15,11,0,125,0,0,10,16,23,27,7,12,4,93,0,0,10,12,20,22,8,4,0,80,0,0,7,7,19,8,3,0,0,51,0,0,12,5,10,17,0,0,0,43,0,0,4,3,7,7,0,0,0,25,0,0,5,5,13,12,4,0,0,32,0,0,0,0,0,3,0,0,0,4,5,9,18,15,23,42,37,21,17,195,59,44,141,173,266,341,282,136,47,1491,54,10,14,19,32,59,26,3,4,218,32,3,7,12,13,28,20,8,0,132,14,11,20,23,37,53,31,13,4,196,13,14,21,25,29,60,126,58,10,347,6,8,13,25,29,70,112,60,13,340,7,13,20,30,31,44,53,18,12,225,4,10,24,19,54,38,33,25,3,215,0,14,22,29,40,45,25,16,9,199
LGA59499,3,18,32,18,33,32,41,5,0,181,3,27,33,12,15,38,27,0,0,162,3,25,48,8,22,26,8,3,0,142,3,18,42,13,16,23,0,0,0,113,0,12,40,20,9,14,9,0,0,100,0,3,14,3,6,6,0,0,0,42,0,3,15,14,8,9,0,0,0,48,0,4,12,5,4,5,0,0,0,36,0,0,14,12,8,5,0,0,0,43,0,3,3,3,0,5,0,0,0,15,12,50,116,42,62,71,53,7,4,421,65,242,534,305,325,442,254,37,11,2220,54,70,132,76,71,109,26,7,0,545,18,25,36,33,42,48,12,3,0,212,31,75,137,184,187,131,62,6,0,820,8,29,65,80,97,109,145,28,6,554,8,30,64,42,65,68,115,15,3,407,3,45,61,32,35,63,70,3,0,310,3,46,104,28,41,57,25,3,0,302,4,23,95,46,45,51,21,6,0,293
LGA59799,0,0,0,0,0,0,0,0,0,3,0,0,0,0,0,0,0,0,0,0,0,0,0,0,0,0,0,0,0,0,0,0,0,0,3,0,0,0,0,4,0,0,0,0,0,0,0,0,0,3,0,0,0,0,0,0,0,0,0,0,0,0,0,0,0,0,0,0,0,0,0,0,0,0,0,0,0,0,0,0,0,0,0,0,0,0,0,0,0,3,0,0,0,0,0,0,0,0,0,0,0,0,3,0,3,0,0,0,0,4,0,3,6,3,8,7,0,0,0,26,0,0,0,0,0,0,0,0,0,4,0,0,0,0,0,0,0,0,0,0,0,0,0,4,0,0,0,0,0,3,0,0,0,0,0,0,0,0,0,3,0,0,0,0,0,0,0,0,0,8,0,0,0,0,0,0,0,0,0,0,0,0,0,0,0,0,0,0,0,3,0,6,0,3,3,0,0,0,0,13
